time;cc;earfcn;pci;rsrp;pl;cfo;pci_neigh;rsrp_neigh;cfo_neigh;dl_mcs;dl_snr;dl_turbo;dl_brate;dl_bler;ul_ta;distance_km;speed_kmph;ul_mcs;ul_buff;ul_brate;ul_bler;rf_o;rf_u;rf_l;is_attached;proc_rmem;proc_rmem_kB;proc_vmem_kB;sys_mem;sys_load;thread_count;cpu_0;cpu_1;cpu_2;cpu_3;cpu_4;cpu_5;cpu_6;cpu_7;cpu_8;cpu_9;cpu_10;cpu_11;cpu_12;cpu_13;cpu_14;cpu_15;cpu_16;cpu_17;cpu_18;cpu_19;cpu_20;cpu_21;cpu_22;cpu_23;cpu_24;cpu_25;cpu_26;cpu_27;cpu_28;cpu_29;cpu_30;cpu_31
1999;0;368640;1;-5.8;0.0;17;n/a;n/a;n/a;13;18;1.2;10100.512695;33;0.0;0.0;0.0;18;0.0;34662.562500;0;0.0;0.0;0.0;0.0;1.4;905196;1772004;16;0.97;19;0.0;0.50;0.50;0.50;0.50;3.5;0.0;0.0;0.50;13;0.50;0.50;3.5;0.50;1.5;0.0;0.50;0.0;0.0;7.0;0.0;11;0.0;0.0;0.50;2.5;2.0;0.50;0.50;1.5;0.50;0.50
3998;0;368640;1;-5.6;0.0;2.2;n/a;n/a;n/a;0.0;18;0.0;0.0;0.0;0.0;0.0;0.0;28;0.0;2145.956543;0;0.0;0.0;0.0;0.0;1.4;905196;1772004;16;0.97;19;0.45;0.0;0.0;4.0;0.0;2.5;0.0;0.0;0.95;12;0.45;0.45;3.5;0.45;1.5;0.45;0.0;0.0;0.0;3.0;0.0;12;0.0;0.0;0.45;3.5;0.45;0.95;0.0;0.95;0.0;0.95
5997;0;368640;1;-5.7;0.0;-0.98;n/a;n/a;n/a;0.0;18;0.0;0.0;0.0;0.0;0.0;0.0;28;0.0;2151.260498;0;0.0;0.0;0.0;0.0;1.4;905196;1772004;15;0.98;19;3.5;1.00;2.0;6.0;2.0;8.0;2.5;1.00;9.0;13;3.0;7.0;11;3.0;4.0;2.5;1.5;1.5;2.0;5.5;2.0;7.5;1.5;1.5;18;19;6.0;14;5.0;4.5;2.5;2.0
7996;0;368640;1;-5.5;0.0;-0.73;n/a;n/a;n/a;0.0;18;0.0;0.0;0.0;0.0;0.0;0.0;0.0;0.0;0.0;0.0;0.0;0.0;0.0;0.0;1.4;905196;1772004;15;0.98;19;1.5;1.00;1.5;7.0;1.00;12;1.00;1.00;11;3.5;1.5;2.0;5.0;1.5;2.5;1.5;1.00;2.5;1.5;2.0;1.5;1.5;3.0;1.00;3.0;16;2.0;7.0;2.0;3.0;2.0;1.5
9995;0;368640;1;-5.5;0.0;2.3;n/a;n/a;n/a;0.0;18;0.0;0.0;0.0;0.0;0.0;0.0;0.0;0.0;0.0;0.0;0.0;0.0;0.0;0.0;1.4;905196;1772004;16;0.97;19;2.5;1.5;2.0;3.0;1.5;6.5;5.0;0.95;8.0;17;4.0;3.5;7.5;3.0;3.0;2.5;2.5;2.0;1.5;6.5;2.0;7.0;2.0;0.95;11;11;3.5;7.0;4.5;9.5;5.5;2.5
11994;0;368640;1;-5.7;0.0;6.4;n/a;n/a;n/a;25;18;4.8;2292.490234;0;0.0;0.0;0.0;28;0.0;19351.779297;0;0.0;0.0;0.0;0.0;1.4;905196;1772004;16;0.98;19;2.0;0.95;1.5;4.0;0.95;1.5;2.5;0.45;4.5;5.0;2.0;3.0;6.0;2.0;2.0;1.5;2.0;1.5;1.5;5.5;1.5;12;3.0;0.95;4.5;15;8.5;3.0;3.5;3.5;3.0;2.0
13993;0;368640;1;-5.8;0.0;4.6;n/a;n/a;n/a;25;18;3.8;2283.464600;0;0.0;0.0;0.0;28;0.0;21417.322266;0;0.0;0.0;0.0;0.0;1.4;905196;1772004;16;0.95;19;1.5;1.00;0.50;2.5;0.50;0.50;2.0;0.50;8.0;12;1.00;1.5;5.0;2.0;1.5;1.00;0.50;1.00;1.00;6.0;1.00;12;1.5;0.50;8.5;5.5;2.5;2.0;2.0;2.0;1.5;1.00
15992;0;368640;1;-5.7;0.0;-3.3;n/a;n/a;n/a;25;18;6.2;2295.893066;0;0.0;0.0;0.0;28;0.0;21533.894531;0;0.0;0.0;0.0;0.0;1.4;905196;1772004;16;0.95;19;0.0;0.0;0.0;0.0;0.0;0.0;2.0;0.0;0.0;14;0.0;0.0;4.0;0.0;0.45;0.0;0.0;0.0;0.0;7.0;0.0;12;0.0;0.0;0.45;0.45;0.0;0.95;0.45;0.95;0.95;0.0
17991;0;368640;1;-5.7;0.0;5.1;n/a;n/a;n/a;25;18;3.6;2297.029785;0;0.0;0.0;0.0;28;0.0;17235.644531;0;0.0;0.0;0.0;0.0;1.4;905196;1772004;16;0.97;19;0.50;0.0;0.0;5.0;0.50;5.5;0.0;0.50;1.5;4.0;0.50;1.5;4.5;1.00;1.00;1.00;0.50;0.0;0.50;3.0;0.0;7.0;2.0;0.50;1.5;12;1.5;0.50;1.5;1.5;1.5;0.50
19990;0;368640;1;-5.7;0.0;2.7;n/a;n/a;n/a;25;18;3.8;2289.097168;0;0.0;0.0;0.0;28;0.0;17176.123047;0;0.0;0.0;0.0;0.0;1.4;905196;1772004;16;0.95;19;0.45;0.0;0.45;0.0;0.0;6.0;0.0;0.0;0.95;3.5;0.45;0.0;3.5;0.0;0.0;0.45;0.0;0.0;0.0;7.0;0.0;5.5;2.0;0.0;0.45;13;0.0;0.0;0.95;0.95;0.95;0.45
21989;0;368640;1;-5.7;0.0;1.8;n/a;n/a;n/a;25;18;3.6;2290.227051;0;0.0;0.0;0.0;28;0.0;19332.675781;0;0.0;0.0;0.0;0.0;1.4;905196;1772004;16;0.95;19;0.0;0.0;0.0;0.0;0.0;6.5;0.0;0.0;0.50;7.5;0.50;1.00;4.0;0.50;0.50;0.0;0.0;0.0;0.0;7.0;0.0;6.0;2.0;0.0;2.0;8.5;0.50;0.50;0.50;1.5;1.5;0.0
23988;0;368640;1;-5.6;0.0;-0.35;n/a;n/a;n/a;25;18;4.4;2284.588867;0;0.0;0.0;0.0;28;0.0;17142.294922;0;0.0;0.0;0.0;0.0;1.4;905196;1772004;16;0.95;19;0.50;0.0;0.0;0.50;0.0;6.5;0.0;0.0;1.00;0.0;0.0;0.0;3.5;0.0;1.00;0.0;0.0;0.0;0.0;7.0;0.0;5.5;2.0;0.50;0.50;15;1.00;1.00;1.00;1.00;1.00;0.0
25987;0;368640;1;-5.7;0.0;-1.7;n/a;n/a;n/a;25;18;4.6;2289.097168;0;0.0;0.0;0.0;28;0.0;17176.123047;0;0.0;0.0;0.0;0.0;1.4;905196;1772004;16;0.97;19;0.0;0.0;0.0;7.0;0.0;6.0;0.0;0.0;0.45;0.0;0.45;0.45;4.0;0.45;0.45;0.45;0.0;0.0;0.0;0.0;0.0;6.0;2.0;0.0;0.0;15;0.0;0.0;0.0;0.95;0.95;0.45
27986;0;368640;1;-5.7;0.0;6.5;n/a;n/a;n/a;25;18;4.2;2291.357910;0;0.0;0.0;0.0;28;0.0;17193.085938;0;0.0;0.0;0.0;0.0;1.4;905196;1772004;16;0.95;19;0.95;0.0;0.0;0.45;7.0;6.5;0.0;0.0;0.45;3.0;0.45;0.45;4.0;0.0;0.45;0.0;0.0;0.45;0.45;0.0;0.0;6.0;2.0;0.0;1.5;14;0.0;0.95;1.5;1.5;2.0;0.0
29985;0;368640;1;-5.7;0.0;-0.69;n/a;n/a;n/a;25;18;3.6;2294.757568;0;0.0;0.0;0.0;28;0.0;17218.595703;0;0.0;0.0;0.0;0.0;1.4;905196;1772004;16;0.97;19;0.0;0.0;0.0;0.0;7.0;6.0;0.0;0.0;0.45;0.0;0.45;0.45;3.5;0.45;0.0;0.45;0.0;0.0;0.0;0.0;0.0;5.5;2.0;0.0;0.0;15;0.45;0.0;0.45;0.95;1.5;0.45
31984;0;368640;1;-5.7;0.0;-0.35;n/a;n/a;n/a;25;18;4.0;2293.623291;0;0.0;0.0;0.0;28;0.0;17210.083984;0;0.0;0.0;0.0;0.0;1.4;905196;1772004;16;0.95;19;0.0;0.0;0.0;0.0;4.5;6.5;0.0;0.0;0.50;0.50;0.50;0.50;3.5;0.0;0.50;0.0;0.0;0.0;0.0;0.0;3.0;6.0;2.0;0.50;1.00;15;0.0;0.50;0.50;1.00;2.5;0.0
33983;0;368640;1;-5.6;0.0;5.4;n/a;n/a;n/a;25;18;4.4;2283.464600;0;0.0;0.0;0.0;28;0.0;17133.857422;0;0.0;0.0;0.0;0.0;1.4;905196;1772004;16;0.95;19;0.50;0.0;0.0;0.0;0.0;6.0;0.0;0.0;0.50;14;0.0;0.50;3.5;0.50;0.50;0.0;0.0;0.0;0.0;0.0;7.0;6.0;2.0;0.0;0.0;1.5;0.50;0.50;0.0;1.5;2.0;0.50
35982;0;368640;1;-5.6;0.0;2.5;n/a;n/a;n/a;25;18;4.0;2292.490234;0;0.0;0.0;0.0;28;0.0;21501.976562;0;0.0;0.0;0.0;0.0;1.4;905196;1772004;16;0.95;19;0.0;0.0;0.0;0.0;0.0;6.0;0.45;0.0;0.45;15;0.45;0.45;3.5;0.0;0.45;0.45;0.0;2.0;0.0;0.0;7.0;5.5;0.0;0.0;0.45;0.0;0.0;0.0;0.45;0.95;2.0;0.0
37981;0;368640;1;-5.6;0.0;-9.5;n/a;n/a;n/a;25;18;4.2;2284.588867;0;0.0;0.0;0.0;28;0.0;17142.294922;0;0.0;0.0;0.0;0.0;1.4;905196;1772004;16;0.95;19;0.50;0.0;0.0;0.0;0.50;6.5;0.0;0.0;1.5;15;0.50;1.00;4.0;0.50;0.50;0.0;0.0;2.0;0.0;0.0;7.0;6.5;0.0;0.0;0.0;0.50;0.50;1.00;2.0;1.00;1.00;0.50
39980;0;368640;1;-5.7;0.0;11;n/a;n/a;n/a;25;18;4.2;2287.968506;0;0.0;0.0;0.0;28;0.0;21459.566406;0;0.0;0.0;0.0;0.0;1.4;905196;1772004;16;0.97;19;0.45;0.0;0.0;0.0;0.0;7.5;0.0;0.0;0.45;15;0.0;0.45;3.5;0.0;0.45;0.0;0.0;1.5;0.0;0.0;0.0;12;0.0;0.0;0.45;0.45;0.45;0.45;0.45;2.0;1.5;0.45
41979;0;368640;1;-5.8;0.0;-0.83;n/a;n/a;n/a;25;18;4.6;2285.714355;0;0.0;0.0;0.0;28;0.0;19294.582031;0;0.0;0.0;0.0;0.0;1.4;905196;1772004;16;0.95;19;0.50;0.0;0.0;0.0;0.0;7.5;0.0;0.0;1.5;11;0.50;0.50;3.5;0.0;0.50;0.0;0.0;2.0;0.0;0.0;0.0;12;0.0;0.0;1.5;5.0;0.0;0.0;0.50;1.00;1.5;0.50
43978;0;368640;1;-5.8;0.0;5.9;n/a;n/a;n/a;25;18;4.0;2291.357910;0;0.0;0.0;0.0;28;0.0;17193.085938;0;0.0;0.0;0.0;0.0;1.4;905196;1772004;16;0.97;19;0.0;0.45;0.45;0.45;0.0;7.5;0.0;0.0;0.45;0.45;0.45;0.95;3.5;0.45;0.45;0.45;0.0;2.0;0.45;0.0;0.0;12;0.45;0.45;0.95;15;0.45;0.45;0.45;1.5;2.0;0.95
45977;0;368640;1;-5.7;0.0;13;n/a;n/a;n/a;25;18;3.8;2292.490234;0;0.0;0.0;0.0;28;0.0;17201.580078;0;0.0;0.0;0.0;0.0;1.4;905196;1772004;16;0.95;19;0.0;0.0;0.0;0.0;0.0;7.5;0.0;0.0;0.45;0.45;0.45;0.45;3.5;0.0;0.45;0.0;0.0;2.0;0.0;0.0;0.0;12;0.0;0.0;0.0;15;0.0;0.45;0.0;0.95;1.5;0.45
47976;0;368640;1;-5.8;0.0;5.9;n/a;n/a;n/a;25;18;4.0;2295.893066;0;0.0;0.0;0.0;28;0.0;19380.503906;0;0.0;0.0;0.0;0.0;1.4;905196;1772004;16;0.97;19;0.50;0.0;0.0;0.0;0.0;8.0;0.50;0.50;1.00;2.5;0.50;1.5;4.0;0.50;1.00;0.50;0.50;2.0;0.0;0.0;0.0;12;0.0;0.0;1.00;14;0.50;0.0;0.50;1.00;1.00;0.50
49975;0;368640;1;-5.8;0.0;-3.4;n/a;n/a;n/a;25;18;4.4;2287.968506;0;0.0;0.0;0.0;28;0.0;19313.609375;0;0.0;0.0;0.0;0.0;1.4;905196;1772004;16;0.97;19;0.45;0.0;0.0;0.0;0.0;7.5;0.0;0.0;0.95;15;0.45;0.95;3.5;0.45;0.45;0.0;0.95;2.0;0.0;0.0;0.0;12;0.0;0.0;0.45;0.0;0.0;0.45;0.0;0.95;1.5;0.0
51974;0;368640;1;-5.8;0.0;0.63;n/a;n/a;n/a;26;18;2.4;2353.405762;33;0.0;0.0;0.0;28;0.0;21480.750000;0;0.0;0.0;0.0;0.0;1.4;905196;1772004;16;0.98;19;0.0;0.50;0.0;0.0;0.0;7.5;1.00;0.0;2.0;15;0.50;0.50;3.5;0.0;0.0;0.0;1.00;1.5;0.0;0.50;0.50;11;0.50;0.0;0.0;1.00;0.50;0.0;0.50;1.00;1.00;0.0
53973;0;368640;1;-5.8;0.0;3.4;n/a;n/a;n/a;25;18;4.4;2297.029785;0;0.0;0.0;0.0;28;0.0;19390.099609;0;0.0;0.0;0.0;0.0;1.4;905196;1772004;16;0.95;19;0.45;2.0;0.45;0.0;0.0;6.0;7.5;0.0;0.45;15;0.45;0.45;4.0;0.45;0.45;0.0;0.0;0.0;0.0;0.45;0.0;6.0;0.0;0.45;0.0;0.45;0.0;0.45;0.0;0.95;1.5;0.0
55972;0;368640;1;-5.8;0.0;1.9;n/a;n/a;n/a;25;18;4.0;2291.357910;0;0.0;0.0;0.0;28;0.0;19342.222656;0;0.0;0.0;0.0;0.0;1.4;905196;1772004;16;0.95;19;0.0;2.0;1.00;0.50;0.50;5.0;7.0;0.0;0.50;15;0.0;0.50;3.5;0.0;0.50;0.0;0.0;0.0;0.0;0.0;0.0;6.5;0.0;0.0;0.0;0.0;0.0;0.0;0.0;1.00;1.00;0.50
57971;0;368640;1;-5.7;0.0;-2.3;n/a;n/a;n/a;25;18;4.6;2287.968506;0;0.0;0.0;0.0;28;0.0;17167.652344;0;0.0;0.0;0.0;0.0;1.4;905196;1772004;16;0.97;19;0.50;1.00;1.00;0.0;0.0;0.50;7.0;0.0;2.5;3.0;0.50;0.0;3.5;0.0;0.50;0.50;0.0;1.5;0.0;0.0;0.0;12;0.50;0.0;0.50;13;0.50;0.50;1.5;1.5;1.00;0.50
59970;0;368640;1;-5.6;0.0;5.4;n/a;n/a;n/a;25;18;4.0;2291.357910;0;0.0;0.0;0.0;28;0.0;19342.222656;0;0.0;0.0;0.0;0.0;1.4;905196;1772004;16;0.97;19;0.0;0.0;0.95;0.0;0.0;0.0;7.0;0.0;0.45;0.0;0.45;0.45;4.0;0.45;0.45;0.0;0.0;1.5;0.0;0.45;0.0;12;0.0;0.0;0.45;15;0.0;0.0;0.45;0.95;0.95;0.0
61969;0;368640;1;-5.6;0.0;-2.4;n/a;n/a;n/a;25;18;4.6;2290.227051;0;0.0;0.0;0.0;28;0.0;17184.599609;0;0.0;0.0;0.0;0.0;1.4;905196;1772004;16;0.95;19;0.45;0.0;0.0;0.0;0.0;0.0;6.5;0.0;1.5;0.95;0.45;0.45;3.5;0.0;0.45;0.45;0.0;2.0;0.45;0.45;0.95;12;0.45;0.0;0.45;15;0.0;0.45;0.45;1.5;1.5;0.0
63968;0;368640;1;-5.6;0.0;5.6;n/a;n/a;n/a;25;18;3.8;2295.893066;0;0.0;0.0;0.0;28;0.0;21533.894531;0;0.0;0.0;0.0;0.0;1.4;905196;1772004;16;0.97;19;0.0;0.0;0.0;0.0;0.0;0.0;0.0;0.0;0.50;0.50;0.0;0.50;3.5;0.0;0.0;0.0;0.0;2.0;1.00;0.0;0.0;12;7.5;0.0;0.0;15;0.50;0.0;0.50;1.00;1.00;0.50
65967;0;368640;1;-5.6;0.0;0.25;n/a;n/a;n/a;25;18;4.0;2286.840820;0;0.0;0.0;0.0;28;0.0;17159.191406;0;0.0;0.0;0.0;0.0;1.4;905196;1772004;16;0.95;19;0.0;0.0;0.0;0.0;0.0;0.0;0.0;0.0;0.0;13;0.45;0.45;3.5;0.45;0.45;0.0;0.0;2.0;0.95;0.95;0.0;12;6.5;0.0;0.45;1.5;0.0;0.0;0.0;0.95;1.5;0.0
67966;0;368640;1;-5.6;0.0;-2.5;n/a;n/a;n/a;25;18;5.0;2297.029785;0;0.0;0.0;0.0;28;0.0;17235.644531;0;0.0;0.0;0.0;0.0;1.4;905196;1772004;16;0.97;19;0.45;0.0;0.0;0.0;0.0;0.0;4.5;0.0;3.0;10.0;0.45;0.45;3.5;0.45;0.45;0.45;0.0;2.5;0.45;0.45;0.95;12;3.5;0.0;0.0;6.5;0.0;0.45;0.95;0.95;0.95;0.45
69965;0;368640;1;-5.6;0.0;6.1;n/a;n/a;n/a;25;18;3.6;2289.097168;0;0.0;0.0;0.0;28;0.0;17176.123047;0;0.0;0.0;0.0;0.0;1.4;905196;1772004;16;0.95;19;0.0;0.50;0.0;0.0;0.0;0.0;7.0;0.0;0.50;0.0;0.50;0.50;3.5;0.0;0.50;0.0;0.0;2.0;0.0;0.0;1.00;12;0.0;0.50;1.00;15;0.0;0.0;1.5;1.00;1.5;0.0
71964;0;368640;1;-5.7;0.0;-3.3;n/a;n/a;n/a;25;18;3.8;2295.893066;0;0.0;0.0;0.0;28;0.0;19380.503906;0;0.0;0.0;0.0;0.0;1.4;905196;1772004;16;0.97;19;0.50;0.0;0.50;0.0;0.0;0.0;6.5;0.0;1.00;2.0;0.50;0.50;4.0;0.50;1.00;0.50;0.0;1.5;0.0;0.0;1.00;12;0.50;0.0;0.50;15;0.50;0.50;2.0;1.5;1.00;0.50
73963;0;368640;1;-5.6;0.0;0.28;n/a;n/a;n/a;25;18;3.4;2298.167480;0;0.0;0.0;0.0;28;0.0;17244.179688;0;0.0;0.0;0.0;0.0;1.4;905196;1772004;16;0.97;19;0.50;0.50;0.0;1.00;1.00;1.00;1.00;0.50;1.00;3.0;0.50;0.50;4.0;0.50;1.00;0.50;0.50;2.0;0.50;0.0;0.50;12;7.5;0.50;0.50;13;0.50;1.5;2.0;1.5;1.5;0.50
75962;0;368640;1;-5.6;0.0;8.3;n/a;n/a;n/a;25;18;3.8;2293.623291;0;0.0;0.0;0.0;28;0.0;19361.343750;0;0.0;0.0;0.0;0.0;1.4;905196;1772004;16;0.97;19;0.0;2.0;0.95;0.0;0.0;0.0;0.45;0.0;0.45;15;0.45;0.0;3.5;0.0;0.45;0.0;0.0;0.0;0.0;0.0;0.0;12;7.0;0.0;0.45;0.0;0.45;0.0;0.95;0.95;0.95;0.0
77961;0;368640;1;-5.6;0.0;-3.8;n/a;n/a;n/a;25;18;3.4;2292.490234;20;0.0;0.0;0.0;28;0.0;21501.976562;0;0.0;0.0;0.0;0.0;1.4;905196;1772004;16;0.97;19;1.00;1.00;1.5;0.0;0.50;0.50;3.0;0.0;1.00;7.5;0.0;0.50;4.0;0.0;0.0;0.50;0.0;1.5;0.0;0.50;0.0;12;4.5;0.0;0.50;10;1.00;0.50;1.5;1.5;1.5;0.50
79960;0;368640;1;-5.7;0.0;14;n/a;n/a;n/a;25;18;4.4;2287.968506;0;0.0;0.0;0.0;28;0.0;21459.566406;0;0.0;0.0;0.0;0.0;1.4;905196;1772004;16;0.95;19;0.0;0.95;0.0;0.0;0.0;0.0;0.0;0.0;0.95;0.45;0.45;0.95;3.5;0.45;0.45;0.0;0.0;2.0;0.45;0.0;0.0;12;7.0;0.0;0.0;15;0.0;0.0;0.45;1.5;0.95;0.0
81959;0;368640;1;-5.6;0.0;7.9;n/a;n/a;n/a;25;18;4.0;2284.588867;0;0.0;0.0;0.0;28;0.0;17142.294922;0;0.0;0.0;0.0;0.0;1.4;905196;1772004;16;0.98;19;0.50;0.50;0.0;1.00;0.0;0.0;0.0;0.0;0.0;0.0;0.0;1.00;3.5;0.0;0.50;0.0;0.0;1.5;0.0;0.0;0.0;12;7.0;0.0;0.50;15;0.0;0.0;0.0;1.00;1.00;0.0
83958;0;368640;1;-5.6;0.0;8.5;n/a;n/a;n/a;25;18;4.8;2290.227051;0;0.0;0.0;0.0;28;0.0;19332.675781;0;0.0;0.0;0.0;0.0;1.4;905196;1772004;16;0.95;19;0.50;1.00;0.0;0.50;0.0;0.0;0.0;6.5;2.0;1.00;0.50;1.00;3.5;0.50;0.50;0.50;0.0;2.5;0.0;0.0;0.50;12;0.50;0.50;0.0;15;0.50;0.50;0.50;1.5;1.5;0.0
85957;0;368640;1;-5.6;0.0;9.7;n/a;n/a;n/a;25;18;4.6;2291.357910;0;0.0;0.0;0.0;28;0.0;21491.357422;0;0.0;0.0;0.0;0.0;1.4;905196;1772004;16;0.95;19;0.0;1.00;0.0;0.0;0.0;0.0;0.0;7.0;0.0;0.0;0.0;0.50;3.5;0.0;0.50;0.50;0.0;1.5;0.0;0.0;0.0;12;0.0;0.0;1.5;15;0.0;0.50;0.0;1.00;1.00;0.0
87956;0;368640;1;-5.6;0.0;8.2;n/a;n/a;n/a;25;18;3.4;2285.714355;0;0.0;0.0;0.0;28;0.0;15006.896484;0;0.0;0.0;0.0;0.0;1.4;905196;1772004;16;0.97;19;0.45;0.45;0.0;0.95;0.0;0.0;0.0;4.5;0.45;11;0.45;0.45;3.5;0.45;0.45;0.0;0.45;2.5;0.0;0.0;0.0;12;0.0;3.0;2.0;7.0;0.45;0.45;0.45;0.95;0.95;0.0
89955;0;368640;1;-5.6;0.0;8.5;n/a;n/a;n/a;25;18;4.6;2292.490234;0;0.0;0.0;0.0;28;0.0;19351.779297;0;0.0;0.0;0.0;0.0;1.4;905196;1772004;16;0.97;19;0.50;0.0;0.0;1.5;0.0;0.0;0.0;0.0;0.50;0.50;0.50;0.0;3.5;0.0;0.50;0.0;0.0;1.5;0.50;0.0;0.0;12;0.0;7.0;1.5;15;0.0;0.50;0.50;1.00;1.00;0.0
91954;0;368640;1;-5.6;0.0;5.2;n/a;n/a;n/a;25;18;4.4;2285.714355;0;0.0;0.0;0.0;28;0.0;17150.738281;0;0.0;0.0;0.0;0.0;1.4;905196;1772004;16;0.95;19;0.0;0.0;0.0;1.00;0.0;0.0;0.0;0.0;0.50;6.0;0.0;0.0;4.0;0.50;0.50;0.0;0.0;2.0;0.0;0.0;0.0;12;0.0;7.0;0.50;9.5;0.0;0.0;0.0;1.00;1.00;0.0
93953;0;368640;1;-5.6;0.0;5.3;n/a;n/a;n/a;25;18;4.4;2290.227051;0;0.0;0.0;0.0;28;0.0;19332.675781;0;0.0;0.0;0.0;0.0;1.4;905196;1772004;16;0.95;19;0.45;2.0;0.45;1.5;0.0;0.0;0.0;0.0;0.45;15;0.45;0.45;4.0;0.0;0.45;0.45;0.0;0.45;0.0;0.0;0.45;12;0.0;7.5;3.0;0.45;0.45;0.45;0.0;1.5;0.95;0.0
95952;0;368640;1;-5.6;0.0;-5.3;n/a;n/a;n/a;25;18;3.4;2289.097168;20;0.0;0.0;0.0;28;0.0;17176.123047;0;0.0;0.0;0.0;0.0;1.4;905196;1772004;16;0.95;19;0.45;2.0;0.95;0.0;0.0;0.0;0.0;0.0;0.45;0.45;0.45;0.45;3.0;0.45;0.45;0.0;5.0;0.0;0.0;0.0;0.0;12;0.45;1.5;0.0;15;0.0;0.45;0.0;0.95;0.95;0.0
97951;0;368640;1;-5.6;0.0;4.3;n/a;n/a;n/a;25;18;4.4;2295.893066;0;0.0;0.0;0.0;28;0.0;19380.503906;0;0.0;0.0;0.0;0.0;1.4;905196;1772004;16;0.95;19;6.0;2.0;0.45;0.0;0.95;0.0;0.0;0.0;0.95;9.0;0.45;1.5;4.0;0.0;0.45;0.45;1.5;0.0;0.0;0.45;0.0;12;0.0;0.45;2.0;7.0;0.45;0.0;0.45;1.5;1.5;0.45
99950;0;368640;1;-5.6;0.0;4.3;n/a;n/a;n/a;25;18;4.4;2293.623291;0;0.0;0.0;0.0;28;0.0;17210.083984;0;0.0;0.0;0.0;0.0;1.4;905196;1772004;16;0.97;19;7.0;1.5;0.50;0.50;0.0;0.0;0.0;0.50;1.00;0.0;0.50;2.0;3.5;0.50;1.00;0.0;0.0;0.0;0.0;0.0;0.0;12;0.0;0.0;0.50;15;0.50;0.50;0.50;1.00;1.5;0.0
101949;0;368640;1;-5.6;0.0;-4.3;n/a;n/a;n/a;25;18;4.2;2294.757568;0;0.0;0.0;0.0;28;0.0;19370.919922;0;0.0;0.0;0.0;0.0;1.4;905196;1772004;16;0.95;19;7.0;2.0;1.5;0.0;0.0;0.0;0.0;0.0;0.0;14;0.50;1.00;3.5;0.0;0.0;0.0;0.0;0.0;0.0;0.0;0.0;12;0.0;0.0;0.50;2.0;0.0;0.0;0.0;1.00;1.00;0.0
103948;0;368640;1;-5.6;0.0;1.1;n/a;n/a;n/a;25;18;4.2;2294.757568;0;0.0;0.0;0.0;28;0.0;17218.595703;0;0.0;0.0;0.0;0.0;1.4;905196;1772004;16;0.95;19;2.0;0.45;0.95;0.0;0.0;0.0;0.0;0.0;0.95;3.0;0.0;0.95;3.5;0.0;0.45;0.45;5.5;2.0;0.45;0.0;0.0;12;0.0;0.0;0.95;14;0.0;0.45;0.45;0.95;0.95;0.0
105947;0;368640;1;-5.6;0.0;8.6;n/a;n/a;n/a;25;18;3.4;2289.097168;0;0.0;0.0;0.0;28;0.0;23617.167969;0;0.0;0.0;0.0;0.0;1.4;905196;1772004;16;0.97;19;0.0;0.95;0.45;0.0;0.0;0.45;0.0;0.0;0.45;15;0.45;0.45;3.5;0.0;0.45;0.0;7.0;2.0;0.0;0.45;0.0;12;0.0;0.45;0.45;0.45;0.0;0.0;0.0;0.95;0.95;0.0
107946;0;368640;1;-5.7;0.0;7.3;n/a;n/a;n/a;25;18;4.2;2282.341309;0;0.0;0.0;0.0;28;0.0;23547.466797;0;0.0;0.0;0.0;0.0;1.4;905196;1772004;16;0.94;19;2.0;0.0;0.0;0.0;0.0;0.0;0.0;0.0;1.00;15;0.50;1.5;3.5;0.0;0.50;0.50;5.5;2.0;1.00;0.0;0.0;12;0.0;0.0;1.00;1.5;0.50;1.5;0.50;1.5;1.5;0.50
109945;0;368640;1;-5.7;0.0;10;n/a;n/a;n/a;25;18;4.6;2290.227051;0;0.0;0.0;0.0;28;0.0;19332.675781;0;0.0;0.0;0.0;0.0;1.4;905196;1772004;16;0.95;19;7.0;0.0;0.0;0.0;0.0;0.0;0.0;0.0;0.95;12;0.0;0.0;3.5;0.45;0.45;0.0;0.45;2.0;0.0;0.0;0.0;12;0.0;0.0;0.45;2.5;0.45;1.5;0.45;1.5;1.5;0.95
111944;0;368640;1;-5.7;0.0;-1.1;n/a;n/a;n/a;25;18;4.2;2290.227051;0;0.0;0.0;0.0;28;0.0;17184.599609;0;0.0;0.0;0.0;0.0;1.4;905196;1772004;16;0.97;19;7.0;0.0;0.0;0.0;0.0;0.0;0.0;0.0;0.0;15;0.45;0.45;3.5;0.0;0.45;0.45;0.0;1.5;0.0;0.0;0.0;12;0.0;0.45;0.45;0.45;0.0;0.95;0.0;0.95;1.5;0.45
113943;0;368640;1;-5.6;0.0;-6.1;n/a;n/a;n/a;25;18;4.0;2287.968506;0;0.0;0.0;0.0;28;0.0;19313.609375;0;0.0;0.0;0.0;0.0;1.4;905196;1772004;16;0.95;19;2.5;0.0;0.45;0.0;0.0;0.0;0.0;0.0;0.95;5.5;0.0;0.0;3.5;0.0;0.45;0.0;5.0;2.5;0.0;0.0;0.0;12;0.0;0.0;0.95;12;0.95;0.95;0.45;0.95;1.5;0.95
115942;0;368640;1;-5.7;0.0;1.5;n/a;n/a;n/a;25;18;3.6;2294.757568;0;0.0;0.0;0.0;28;0.0;17218.595703;0;0.0;0.0;0.0;0.0;1.4;905196;1772004;16;0.94;19;0.0;0.0;0.0;0.0;0.0;0.0;0.0;0.0;0.50;0.0;0.0;0.50;3.5;0.0;0.50;0.0;7.0;1.5;0.0;0.0;0.0;12;0.0;0.0;0.0;14;0.0;0.50;0.0;1.5;1.00;1.00
117941;0;368640;1;-5.8;0.0;2.8;n/a;n/a;n/a;25;18;4.8;2286.840820;0;0.0;0.0;0.0;28;0.0;19304.089844;0;0.0;0.0;0.0;0.0;1.4;905196;1772004;16;0.97;19;0.45;0.45;0.0;0.0;0.0;0.0;0.0;0.0;1.5;0.95;0.45;0.45;4.0;0.45;0.45;0.45;7.0;2.0;0.45;0.45;0.45;12;0.45;0.0;0.45;15;0.45;2.0;0.95;0.95;0.95;0.95
119940;0;368640;1;-5.7;0.0;0.61;n/a;n/a;n/a;25;18;3.6;2293.623291;0;0.0;0.0;0.0;28;0.0;19361.343750;0;0.0;0.0;0.0;0.0;1.4;905196;1772004;16;0.95;19;0.0;2.0;0.0;0.45;0.0;0.0;0.0;0.0;0.45;8.5;0.45;0.95;3.5;0.0;0.45;0.0;7.0;0.0;0.0;0.0;0.0;12;0.0;0.0;0.45;7.5;0.45;1.5;0.0;0.95;1.5;0.0
121939;0;368640;1;-5.6;0.0;-2.1;n/a;n/a;n/a;25;18;4.8;2299.306152;0;0.0;0.0;0.0;28;0.0;17252.724609;0;0.0;0.0;0.0;0.0;1.4;905196;1772004;16;0.95;19;0.45;2.0;0.0;0.0;0.0;0.0;0.0;0.0;0.0;14;0.45;0.95;4.0;0.0;0.45;0.0;7.0;0.0;0.0;0.0;0.0;12;0.0;0.0;0.45;0.0;0.0;0.45;0.45;0.95;0.95;0.45
123938;0;368640;1;-5.7;0.0;10;n/a;n/a;n/a;25;18;4.8;2298.167480;0;0.0;0.0;0.0;28;0.0;19399.703125;0;0.0;0.0;0.0;0.0;1.4;905196;1772004;16;0.95;19;4.0;2.0;0.0;0.0;0.50;0.0;0.0;0.0;1.5;6.5;0.0;1.00;4.0;1.00;0.50;0.50;3.0;0.0;0.0;0.0;0.0;12;0.0;0.0;0.50;10;1.00;1.5;0.50;1.5;1.00;0.0
125937;0;368640;1;-5.7;0.0;-4.2;n/a;n/a;n/a;25;18;4.0;2289.097168;0;0.0;0.0;0.0;28;0.0;17176.123047;0;0.0;0.0;0.0;0.0;1.4;905196;1772004;16;0.95;19;7.0;2.0;0.45;0.0;0.0;0.0;0.45;0.0;0.0;3.0;0.45;0.45;3.5;0.0;0.45;0.0;0.0;0.0;0.0;0.0;0.0;12;0.0;0.0;0.45;12;0.45;0.95;0.0;0.95;1.5;0.0
127936;0;368640;1;-5.7;0.0;8.4;n/a;n/a;n/a;25;18;3.6;2285.714355;0;0.0;0.0;0.0;28;0.0;19294.582031;0;0.0;0.0;0.0;0.0;1.4;905196;1772004;16;0.95;19;7.5;2.0;0.0;0.0;0.0;0.0;0.0;0.0;1.00;4.0;0.50;1.00;3.5;0.50;0.0;0.0;0.50;0.50;0.0;0.0;0.0;12;0.0;0.0;2.0;12;0.0;1.00;0.50;1.00;2.0;0.50
129935;0;368640;1;-5.6;0.0;5.3;n/a;n/a;n/a;25;18;4.8;2287.968506;0;0.0;0.0;0.0;28;0.0;21459.566406;0;0.0;0.0;0.0;0.0;1.4;905196;1772004;16;0.95;19;3.5;2.0;0.50;0.0;0.0;4.5;0.0;0.0;1.00;1.00;0.0;0.50;4.0;0.0;0.50;0.0;3.5;1.00;0.0;0.0;0.0;7.5;0.0;0.0;1.00;14;0.50;0.0;0.50;1.5;1.00;1.00
131934;0;368640;1;-5.7;0.0;0.76;n/a;n/a;n/a;25;18;4.4;2291.357910;0;0.0;0.0;0.0;28;0.0;19342.222656;0;0.0;0.0;0.0;0.0;1.4;905196;1772004;16;0.95;19;0.0;1.5;0.0;0.0;0.0;6.0;0.0;0.0;0.0;0.45;0.0;0.0;3.0;0.45;0.45;0.0;7.0;0.45;0.0;0.0;0.0;6.0;0.0;0.0;0.0;15;0.0;0.45;0.0;0.95;1.5;0.95
133933;0;368640;1;-5.7;0.0;-1.3;n/a;n/a;n/a;25;18;3.8;2287.968506;0;0.0;0.0;0.0;28;0.0;17167.652344;0;0.0;0.0;0.0;0.0;1.4;905196;1772004;16;0.95;19;4.5;1.5;0.0;0.0;0.0;6.5;0.0;0.0;1.00;2.5;1.00;0.50;4.0;1.00;1.00;0.50;3.5;1.5;0.0;0.0;0.0;5.5;0.0;0.0;0.50;15;0.50;0.50;0.50;1.00;1.00;0.50
135932;0;368640;1;-5.7;0.0;2.5;n/a;n/a;n/a;25;18;4.6;2284.588867;0;0.0;0.0;0.0;28;0.0;19285.082031;0;0.0;0.0;0.0;0.0;1.4;905196;1772004;16;0.95;19;0.0;0.0;0.0;0.0;0.0;6.0;0.0;0.0;0.0;15;0.45;0.45;3.5;0.0;0.0;0.95;6.5;2.5;0.0;0.0;0.0;6.0;0.0;0.0;0.45;0.0;0.45;0.0;0.0;1.5;0.95;0.0
137931;0;368640;1;-5.7;0.0;10;n/a;n/a;n/a;25;18;4.8;2285.714355;0;0.0;0.0;0.0;28;0.0;19294.582031;0;0.0;0.0;0.0;0.0;1.4;905196;1772004;16;0.95;19;1.00;0.0;0.50;0.0;0.0;6.0;0.0;0.0;1.5;15;0.50;0.50;4.0;0.0;0.50;0.50;6.5;3.0;0.50;0.50;0.50;6.0;0.0;0.0;0.50;1.00;0.0;0.50;0.50;1.00;1.5;0.0
139930;0;368640;1;-5.6;0.0;5.4;n/a;n/a;n/a;25;18;4.2;2285.714355;0;0.0;0.0;0.0;28;0.0;17150.738281;0;0.0;0.0;0.0;0.0;1.4;905196;1772004;16;0.95;19;7.0;1.5;1.00;0.50;0.50;7.0;0.0;0.50;2.0;1.00;1.00;1.00;4.0;1.00;1.00;0.50;2.0;2.0;0.0;0.0;0.0;6.0;0.50;0.50;1.5;15;0.50;1.00;0.50;1.5;1.5;1.00
141929;0;368640;1;-5.6;0.0;3.9;n/a;n/a;n/a;25;18;3.8;2291.357910;0;0.0;0.0;0.0;28;0.0;17193.085938;0;0.0;0.0;0.0;0.0;1.4;905196;1772004;16;0.95;19;7.0;2.0;0.0;0.0;0.0;6.0;0.0;0.0;0.0;13;0.50;0.50;3.5;0.0;0.50;0.0;0.0;1.00;0.0;0.0;0.0;5.5;0.0;0.0;0.0;1.5;0.50;0.0;0.0;1.00;1.00;0.0
143928;0;368640;1;-5.7;0.0;0.31;n/a;n/a;n/a;25;18;4.2;2294.757568;0;0.0;0.0;0.0;28;0.0;17218.595703;0;0.0;0.0;0.0;0.0;1.4;905196;1772004;16;0.95;19;4.5;2.0;0.45;0.0;0.0;6.0;0.45;0.0;0.95;9.5;0.95;0.95;4.0;0.45;0.45;0.45;0.0;4.0;0.45;0.0;0.45;6.0;0.0;0.0;0.45;0.45;6.5;0.95;0.45;1.5;1.5;0.0
145927;0;368640;1;-5.7;0.0;-3.0;n/a;n/a;n/a;25;18;4.4;2290.227051;0;0.0;0.0;0.0;28;0.0;15036.525391;0;0.0;0.0;0.0;0.0;1.4;905196;1772004;16;0.95;19;0.50;7.0;0.0;0.0;0.0;0.0;0.0;0.0;1.00;0.0;5.0;0.50;3.5;0.0;0.50;0.0;0.0;2.0;0.0;0.0;0.0;12;0.0;0.0;0.0;0.50;10;0.50;0.0;1.00;1.00;0.0
147926;0;368640;1;-5.7;0.0;12;n/a;n/a;n/a;25;18;4.8;2282.341309;0;0.0;0.0;0.0;28;0.0;17125.429688;0;0.0;0.0;0.0;0.0;1.4;905196;1772004;16;0.98;19;0.50;7.0;1.5;0.0;0.0;0.0;0.0;0.0;0.50;0.50;0.50;0.50;4.0;0.50;1.00;0.0;0.0;5.5;0.0;0.50;1.00;8.0;0.0;0.0;0.50;0.0;15;0.50;0.0;1.00;1.00;0.50
149925;0;368640;1;-5.8;0.0;-3.4;n/a;n/a;n/a;25;18;4.4;2293.623291;0;0.0;0.0;0.0;28;0.0;17210.083984;0;0.0;0.0;0.0;0.0;1.4;905196;1772004;16;1.0;19;1.00;8.0;2.0;0.50;0.0;0.50;0.0;0.0;1.00;0.50;1.5;1.00;3.5;0.50;1.00;0.50;0.0;6.5;0.0;0.0;1.00;7.0;0.0;0.50;0.50;0.50;15;1.00;0.50;1.5;1.5;0.0
151924;0;368640;1;-5.8;0.0;-7.1;n/a;n/a;n/a;25;18;4.0;2289.097168;0;0.0;0.0;0.0;28;0.0;19323.136719;0;0.0;0.0;0.0;0.0;1.4;905196;1772004;16;0.97;19;0.50;7.0;2.0;0.0;0.0;0.0;0.0;0.0;0.50;0.50;13;0.50;4.0;0.50;0.0;0.0;0.0;6.5;0.0;0.0;0.50;7.0;0.0;0.0;0.0;0.0;1.5;0.0;0.50;1.00;1.00;0.0
153923;0;368640;1;-5.8;0.0;12;n/a;n/a;n/a;25;18;4.8;2291.357910;0;0.0;0.0;0.0;28;0.0;17193.085938;0;0.0;0.0;0.0;0.0;1.4;905196;1772004;16;1.0;19;0.95;6.5;2.0;0.0;0.0;0.0;0.0;0.0;0.95;0.95;13;0.95;3.5;0.95;0.45;0.45;0.0;6.5;0.45;0.0;0.95;7.0;0.0;0.0;0.0;1.5;1.5;0.45;0.45;0.95;0.95;0.45
155922;0;368640;1;-5.8;0.0;-11;n/a;n/a;n/a;25;18;3.4;2291.357910;0;0.0;0.0;0.0;28;0.0;23640.494141;0;0.0;0.0;0.0;0.0;1.4;905196;1772004;16;1.4;19;0.50;9.0;2.5;0.0;0.0;2.5;0.50;0.0;0.50;0.50;11;0.0;4.5;1.00;1.00;0.50;0.0;11;0.0;0.0;0.50;7.5;0.0;0.0;0.50;0.0;9.0;0.50;0.0;1.00;1.5;0.0
157921;0;368640;1;-5.7;0.0;-6.4;n/a;n/a;n/a;25;18;4.0;2294.757568;0;0.0;0.0;0.0;28;0.0;17218.595703;0;0.0;0.0;0.0;0.0;1.4;905196;1772004;16;1.1;19;0.95;7.0;0.95;0.0;0.0;7.5;0.0;0.0;1.5;0.45;13;0.45;4.5;0.45;0.45;0.95;0.0;8.5;1.5;0.0;0.45;0.0;0.0;0.0;0.0;0.45;4.0;0.0;0.45;0.95;1.5;0.0
159920;0;368640;1;-5.7;0.0;-0.59;n/a;n/a;n/a;25;18;4.2;2297.029785;0;0.0;0.0;0.0;28;0.0;17235.644531;0;0.0;0.0;0.0;0.0;1.4;905196;1772004;16;1.0;19;0.95;7.0;1.5;0.0;0.0;7.0;0.0;0.0;2.5;2.0;11;0.45;4.0;0.0;0.95;0.45;0.0;6.5;0.45;0.0;0.0;0.0;0.0;0.0;0.45;0.95;4.5;0.45;0.45;1.5;1.5;0.0
161919;0;368640;1;-5.6;0.0;10;n/a;n/a;n/a;25;18;5.4;2295.893066;0;0.0;0.0;0.0;28;0.0;19380.503906;0;0.0;0.0;0.0;0.0;1.4;905196;1772004;16;1.0;19;0.45;7.0;2.0;0.0;0.0;7.0;0.0;0.0;0.95;0.45;1.5;0.45;3.5;0.45;0.45;0.0;0.0;6.0;0.0;0.0;0.0;0.0;0.0;0.0;0.0;0.0;14;0.0;0.45;0.95;0.95;0.0
163918;0;368640;1;-5.6;0.0;-1.1;n/a;n/a;n/a;25;18;3.6;2292.490234;0;0.0;0.0;0.0;28;0.0;17201.580078;0;0.0;0.0;0.0;0.0;1.4;905196;1772004;16;0.98;19;0.95;7.5;1.5;0.0;0.45;7.5;0.0;0.0;1.5;0.95;0.95;0.45;3.5;0.0;0.45;0.45;0.0;6.5;0.95;0.0;0.0;0.0;0.0;0.0;0.95;2.0;15;0.45;0.45;1.5;1.5;0.0
165917;0;368640;1;-5.6;0.0;-1.0;n/a;n/a;n/a;25;18;3.6;2293.623291;0;0.0;0.0;0.0;28;0.0;17210.083984;0;0.0;0.0;0.0;0.0;1.4;905196;1772004;16;1.0;19;0.45;7.0;0.0;0.45;0.0;7.0;0.0;0.0;0.45;0.0;0.45;0.0;3.5;0.45;0.45;0.45;0.0;6.0;1.5;0.0;0.0;0.0;0.45;0.0;0.45;0.45;15;0.0;0.0;0.95;0.95;0.0
167916;0;368640;1;-5.6;0.0;3.0;n/a;n/a;n/a;25;18;3.6;2292.490234;0;0.0;0.0;0.0;28;0.0;17201.580078;0;0.0;0.0;0.0;0.0;1.4;905196;1772004;16;1.0;19;1.00;7.5;0.0;0.0;0.0;7.0;0.0;0.0;0.0;0.0;0.0;0.50;3.5;0.0;0.50;0.50;0.0;6.5;2.0;0.50;0.0;0.50;0.0;0.0;1.00;0.50;15;0.50;0.50;1.00;1.00;0.50
169915;0;368640;1;-5.6;0.0;-1.0;n/a;n/a;n/a;25;18;4.4;2297.029785;0;0.0;0.0;0.0;28;0.0;19390.099609;0;0.0;0.0;0.0;0.0;1.4;905196;1772004;16;0.98;19;0.95;7.0;1.5;0.0;0.0;7.0;0.0;0.0;2.0;0.95;11;0.45;4.0;0.45;0.45;0.45;0.0;7.0;0.95;0.0;0.0;0.0;0.0;0.0;1.5;2.0;4.0;0.45;0.95;0.95;0.95;0.45
171914;0;368640;1;-5.7;0.0;-1.6;n/a;n/a;n/a;25;18;4.0;2282.341309;0;0.0;0.0;0.0;28;0.0;17125.429688;0;0.0;0.0;0.0;0.0;1.4;905196;1772004;16;1.0;19;0.45;6.0;2.0;0.0;0.0;7.0;0.0;0.0;0.0;0.45;3.0;0.0;3.5;0.0;0.0;0.0;0.0;7.0;0.0;0.0;0.0;0.0;0.0;0.0;0.95;0.95;12;0.45;0.0;1.5;0.95;0.0
173913;0;368640;1;-5.8;0.0;-0.019;n/a;n/a;n/a;25;18;4.0;2282.341309;0;0.0;0.0;0.0;28;0.0;21406.787109;0;0.0;0.0;0.0;0.0;1.4;905196;1772004;16;1.0;19;1.00;6.5;2.0;0.0;0.0;7.0;0.0;0.0;1.00;2.5;5.0;1.00;4.0;0.0;1.00;0.50;0.50;7.5;0.50;0.0;0.50;0.0;0.0;0.0;1.00;0.50;11;0.50;0.50;1.5;1.00;0.0
175912;0;368640;1;-5.7;0.0;0.059;n/a;n/a;n/a;25;18;3.6;2284.588867;0;0.0;0.0;0.0;28;0.0;17142.294922;0;0.0;0.0;0.0;0.0;1.4;905196;1772004;16;1.0;19;0.50;7.5;0.0;0.0;0.0;7.0;0.0;0.0;0.0;0.0;0.0;0.0;3.5;0.0;0.50;0.0;0.0;6.0;2.0;0.0;0.0;0.0;0.0;0.0;0.50;1.00;15;0.50;1.00;1.00;2.0;0.0
177911;0;368640;1;-5.6;0.0;7.9;n/a;n/a;n/a;25;18;3.2;2284.588867;0;0.0;0.0;0.0;28;0.0;17142.294922;0;0.0;0.0;0.0;0.0;1.4;905196;1772004;16;1.0;19;0.95;7.5;0.0;0.0;0.45;7.0;0.0;0.0;0.45;0.45;1.5;0.45;3.5;0.45;0.0;0.0;0.0;6.5;2.0;0.0;0.0;0.0;0.0;0.0;1.5;0.45;14;0.0;1.5;0.95;0.95;0.0
179910;0;368640;1;-5.6;0.0;15;n/a;n/a;n/a;25;18;3.6;2286.840820;0;0.0;0.0;0.0;28;0.0;23593.888672;0;0.0;0.0;0.0;0.0;1.4;905196;1772004;16;1.0;19;0.95;7.0;0.0;0.0;0.0;7.5;0.0;0.0;0.95;2.0;2.0;0.45;4.0;0.45;1.5;0.45;0.0;6.5;2.0;0.0;0.0;0.0;0.0;0.0;0.45;1.5;14;0.45;0.45;1.5;1.5;0.45
181909;0;368640;1;-5.7;0.0;0.37;n/a;n/a;n/a;25;18;4.2;2291.357910;0;0.0;0.0;0.0;28;0.0;19342.222656;0;0.0;0.0;0.0;0.0;1.4;905196;1772004;16;1.0;19;0.45;7.5;0.0;0.0;0.0;7.0;0.0;0.45;0.0;0.0;0.0;0.0;3.5;0.0;1.5;0.0;0.0;6.0;2.0;0.0;0.0;0.0;0.0;0.0;0.45;1.5;15;0.45;0.0;0.95;0.95;0.45
183908;0;368640;1;-5.7;0.0;3.7;n/a;n/a;n/a;25;18;3.8;2293.623291;0;0.0;0.0;0.0;28;0.0;17210.083984;0;0.0;0.0;0.0;0.0;1.4;905196;1772004;16;1.0;19;1.00;7.0;0.0;0.0;0.0;7.0;0.50;0.0;1.00;2.5;9.5;0.50;3.5;1.00;0.50;1.00;0.0;7.0;2.0;0.50;0.0;0.0;0.0;0.0;0.50;0.50;6.0;0.50;0.50;1.00;1.5;0.0
185907;0;368640;1;-5.7;0.0;7.0;n/a;n/a;n/a;25;18;3.4;2281.219238;0;0.0;0.0;0.0;28;0.0;21396.263672;0;0.0;0.0;0.0;0.0;1.4;905196;1772004;16;1.0;19;0.45;6.5;0.0;0.0;0.0;7.0;0.0;0.0;0.0;0.45;0.0;0.45;3.5;0.0;0.45;0.0;0.0;7.0;0.0;0.0;2.0;0.0;0.0;0.0;0.0;0.95;15;0.0;0.95;1.5;0.95;0.45
187906;0;368640;1;-5.6;0.0;4.5;n/a;n/a;n/a;25;18;3.8;2287.968506;0;0.0;0.0;0.0;28;0.0;19313.609375;0;0.0;0.0;0.0;0.0;1.4;905328;1837540;16;1.5;19;0.95;10;0.0;0.0;0.0;10.0;0.0;0.0;2.5;1.5;10.0;0.45;6.0;0.45;0.95;0.45;0.0;10;0.0;0.0;3.0;0.95;0.0;0.0;0.45;1.5;12;0.45;2.0;0.95;1.5;0.0
189905;0;368640;1;-5.6;0.0;9.0;n/a;n/a;n/a;25;18;4.0;2295.893066;0;0.0;0.0;0.0;28;0.0;17227.115234;0;0.0;0.0;0.0;0.0;1.4;905328;1837540;16;1.0;19;0.95;8.0;0.45;0.45;0.95;7.5;0.0;0.0;0.95;2.0;9.5;0.45;4.0;0.0;0.45;0.45;0.0;6.5;0.0;0.0;0.95;0.0;0.45;0.0;0.45;1.5;6.5;0.45;0.45;1.5;1.5;0.95
191904;0;368640;1;-5.6;0.0;-1.0;n/a;n/a;n/a;25;18;3.8;2292.490234;0;0.0;0.0;0.0;28;0.0;17201.580078;0;0.0;0.0;0.0;0.0;1.4;905328;1837540;16;1.0;19;0.50;7.0;0.0;0.0;2.0;7.0;0.0;0.0;0.0;0.50;15;0.50;3.5;0.0;0.50;0.0;0.0;6.0;0.0;0.0;0.0;0.0;0.0;0.50;0.50;1.00;0.0;0.0;0.50;1.00;1.00;1.00
193903;0;368640;1;-5.6;0.0;-1.6;n/a;n/a;n/a;25;18;3.6;2283.464600;0;0.0;0.0;0.0;28;0.0;19275.589844;0;0.0;0.0;0.0;0.0;1.4;905328;1837540;16;1.0;19;1.00;7.5;0.0;0.0;2.0;7.0;0.0;0.0;1.00;0.50;15;0.50;4.0;0.50;0.50;1.00;0.50;6.5;0.0;0.0;0.0;0.0;0.0;0.0;0.50;3.0;0.50;0.50;0.0;1.00;1.5;0.50
195902;0;368640;1;-5.5;0.0;1.5;n/a;n/a;n/a;25;18;3.6;2289.097168;0;0.0;0.0;0.0;28;0.0;17176.123047;0;0.0;0.0;0.0;0.0;1.4;905328;1837540;16;0.95;19;0.45;7.0;0.0;0.0;0.0;5.5;0.0;0.0;0.0;0.0;15;0.0;3.5;0.45;0.45;0.95;0.0;6.0;0.0;0.0;0.0;2.0;0.0;0.0;0.95;0.95;0.0;0.45;0.45;0.45;0.95;0.0
197901;0;368640;1;-5.6;0.0;6.5;n/a;n/a;n/a;25;18;3.6;2286.840820;0;0.0;0.0;0.0;28;0.0;17159.191406;0;0.0;0.0;0.0;0.0;1.4;905328;1837540;16;0.97;19;0.95;7.5;0.0;0.0;0.0;6.0;0.0;0.0;0.45;0.45;12;0.45;3.5;0.45;0.45;0.95;0.0;6.0;0.45;0.0;0.0;2.5;0.0;0.0;2.0;0.45;2.5;0.0;0.0;1.5;0.95;0.0
199900;0;368640;1;-5.7;0.0;-0.11;n/a;n/a;n/a;25;18;4.4;2289.097168;0;0.0;0.0;0.0;28;0.0;19323.136719;0;0.0;0.0;0.0;0.0;1.4;905328;1837540;16;1.0;19;0.50;7.5;0.0;0.0;0.50;6.0;0.0;0.0;1.5;0.50;0.50;0.50;4.0;0.50;1.00;0.50;0.0;0.0;7.5;0.0;0.0;2.0;0.0;0.0;3.5;1.5;15;1.5;0.50;1.00;1.5;0.0
201899;0;368640;1;-5.6;0.0;8.0;n/a;n/a;n/a;25;18;4.8;2290.227051;0;0.0;0.0;0.0;28;0.0;17184.599609;0;0.0;0.0;0.0;0.0;1.4;905328;1837540;16;1.0;19;0.95;7.5;0.45;0.0;0.0;4.5;0.0;0.0;0.0;0.0;5.5;0.0;3.5;0.0;0.45;0.0;0.0;0.0;7.0;0.0;0.0;3.5;0.0;0.0;0.95;0.45;9.5;0.0;0.45;1.5;1.5;0.45
203898;0;368640;1;-5.7;0.0;-8.0;n/a;n/a;n/a;25;18;4.2;2294.757568;0;0.0;0.0;0.0;28;0.0;21523.244141;0;0.0;0.0;0.0;0.0;1.4;905328;1837540;16;1.0;19;1.00;7.5;0.0;0.0;0.0;2.0;0.50;0.0;1.00;0.50;15;0.50;4.0;0.50;0.50;0.0;0.0;0.0;7.0;0.0;0.0;6.0;0.0;0.0;1.00;0.50;0.0;0.50;0.0;1.5;1.00;0.50
205897;0;368640;1;-5.7;0.0;4.4;n/a;n/a;n/a;25;18;4.0;2286.840820;0;0.0;0.0;0.0;28;0.0;19304.089844;0;0.0;0.0;0.0;0.0;1.4;905328;1837540;16;1.0;19;0.45;7.5;0.45;0.0;0.0;6.0;0.0;0.0;0.45;0.45;14;0.0;3.5;0.45;0.95;0.0;0.0;0.0;6.5;0.0;0.0;2.0;0.0;0.0;1.5;2.5;0.95;0.45;0.45;0.95;1.5;0.45
207896;0;368640;1;-5.6;0.0;4.9;n/a;n/a;n/a;25;18;3.6;2293.623291;0;0.0;0.0;0.0;28;0.0;17210.083984;0;0.0;0.0;0.0;0.0;1.4;905328;1837540;16;1.0;19;0.95;7.5;0.0;0.0;0.45;5.5;0.0;0.0;0.0;0.45;15;0.45;3.5;0.45;0.95;0.45;0.0;0.0;0.95;0.0;5.0;2.5;0.0;0.0;0.95;0.95;0.0;0.45;0.0;0.95;0.95;0.0
209895;0;368640;1;-5.6;0.0;11;n/a;n/a;n/a;25;18;4.2;2286.840820;0;0.0;0.0;0.0;28;0.0;17159.191406;0;0.0;0.0;0.0;0.0;1.4;905328;1837540;16;1.5;19;1.5;8.0;0.0;0.50;8.0;6.5;1.00;0.0;1.00;2.5;17;1.00;6.5;1.00;2.0;1.5;0.50;3.0;0.50;0.50;4.0;5.0;2.0;0.50;1.5;2.5;6.0;0.50;1.00;2.0;2.0;0.50
211894;0;368640;1;-5.5;0.0;10;n/a;n/a;n/a;25;18;4.0;2294.757568;0;0.0;0.0;0.0;28;0.0;19370.919922;0;0.0;0.0;0.0;0.0;1.4;905328;1837540;16;1.1;19;0.45;0.0;0.45;0.0;0.0;0.0;2.0;0.0;0.0;0.0;0.0;0.0;3.5;0.45;0.45;0.0;0.0;7.5;0.0;0.0;7.0;7.0;0.0;0.0;0.0;0.95;16;0.0;0.45;2.0;1.5;0.45
213893;0;368640;1;-5.6;0.0;2.1;n/a;n/a;n/a;25;18;3.8;2291.357910;0;0.0;0.0;0.0;28;0.0;19342.222656;0;0.0;0.0;0.0;0.0;1.4;905328;1837540;16;1.0;19;0.45;6.5;0.0;0.0;0.45;6.5;2.0;0.0;0.45;0.95;0.0;0.45;3.5;0.0;0.0;0.0;0.0;0.45;0.0;0.0;7.0;0.95;0.0;0.0;0.45;1.5;15;0.45;0.0;0.95;1.5;0.0
215892;0;368640;1;-5.6;0.0;10;n/a;n/a;n/a;25;18;4.0;2283.464600;0;0.0;0.0;0.0;28;0.0;17133.857422;0;0.0;0.0;0.0;0.0;1.4;905328;1837540;16;1.0;19;1.00;7.5;0.0;0.0;0.0;7.5;2.0;0.0;0.50;1.5;0.50;0.0;3.5;0.50;1.00;0.50;0.0;0.0;0.0;0.0;1.00;5.0;0.0;0.0;1.00;1.00;15;0.50;0.50;1.00;2.0;0.50
217891;0;368640;1;-5.6;0.0;6.0;n/a;n/a;n/a;25;18;4.6;2291.357910;0;0.0;0.0;0.0;28;0.0;19342.222656;0;0.0;0.0;0.0;0.0;1.4;905328;1837540;16;1.0;19;0.50;1.00;0.0;0.0;0.50;7.0;2.0;0.50;0.50;0.50;1.5;0.0;4.0;0.0;0.50;0.0;0.0;7.0;0.0;0.0;0.0;6.0;0.0;0.0;1.00;1.00;14;1.00;0.0;1.5;1.5;0.0
219890;0;368640;1;-5.4;0.0;-3.2;n/a;n/a;n/a;25;18;3.6;2290.227051;0;0.0;0.0;0.0;28;0.0;19332.675781;0;0.0;0.0;0.0;0.0;1.4;905328;1837540;16;1.0;19;0.95;0.0;0.0;0.0;0.0;7.0;2.5;0.0;1.5;2.0;14;0.45;3.5;0.45;0.45;0.0;0.0;7.5;0.0;0.0;0.0;6.5;0.45;0.0;1.5;2.0;2.0;0.0;0.45;0.95;2.0;0.45
221889;0;368640;1;-5.5;0.0;7.0;n/a;n/a;n/a;25;18;3.0;2293.623291;0;0.0;0.0;0.0;28;0.0;17210.083984;0;0.0;0.0;0.0;0.0;1.4;905328;1837540;16;1.0;19;0.95;0.0;0.0;0.0;0.0;7.5;1.5;0.0;0.0;0.95;6.0;0.45;3.5;0.0;0.45;0.0;0.0;7.5;0.0;0.0;0.0;5.5;0.0;0.0;0.0;0.45;9.5;0.45;0.45;0.95;0.95;0.0
223888;0;368640;1;-5.6;0.0;2.8;n/a;n/a;n/a;25;18;3.6;2291.357910;0;0.0;0.0;0.0;28;0.0;25789.628906;0;0.0;0.0;0.0;0.0;1.4;905328;1837540;16;1.0;19;0.50;0.0;0.0;0.0;0.0;7.0;2.0;0.0;0.50;1.00;15;1.00;3.5;0.50;0.50;0.0;0.0;7.0;0.0;0.50;0.50;6.0;0.0;0.0;0.50;1.5;0.0;0.0;0.0;1.00;1.00;0.50
225887;0;368640;1;-5.5;0.0;8.2;n/a;n/a;n/a;25;18;4.2;2287.968506;0;0.0;0.0;0.0;28;0.0;17167.652344;0;0.0;0.0;0.0;0.0;1.4;905328;1837540;16;0.97;19;0.95;0.0;0.0;0.0;0.0;7.5;0.45;0.0;2.0;1.5;5.0;0.45;3.5;0.45;0.45;0.45;0.0;7.0;0.0;0.0;0.0;6.5;1.5;0.0;0.95;0.45;10;0.45;0.0;0.95;0.95;0.0
227886;0;368640;1;-5.6;0.0;9.9;n/a;n/a;n/a;25;18;6.4;2291.357910;0;0.0;0.0;0.0;28;0.0;19342.222656;0;0.0;0.0;0.0;0.0;1.4;905328;1837540;16;1.0;19;0.45;0.0;0.0;0.0;0.0;6.5;0.0;0.0;0.45;0.45;15;0.0;3.5;0.0;0.45;0.95;0.0;7.0;0.0;0.0;0.0;7.0;2.0;0.0;1.5;0.95;0.0;0.45;0.45;1.5;1.5;0.0
229885;0;368640;1;-5.6;0.0;-5.3;n/a;n/a;n/a;25;18;3.4;2290.227051;0;0.0;0.0;0.0;28;0.0;17184.599609;0;0.0;0.0;0.0;0.0;1.4;905328;1837540;16;1.0;19;0.95;0.0;0.0;0.0;0.0;6.0;0.0;0.0;0.95;0.95;11;0.95;4.0;0.45;0.95;0.45;0.0;7.5;0.45;0.0;0.45;7.5;2.0;0.45;0.95;2.5;4.0;0.45;0.0;0.95;1.5;0.0
231884;0;368640;1;-5.7;0.0;4.0;n/a;n/a;n/a;25;18;4.8;2292.490234;0;0.0;0.0;0.0;28;0.0;19351.779297;0;0.0;0.0;0.0;0.0;1.4;905328;1837540;16;1.0;19;0.50;0.0;0.0;0.0;0.0;6.0;0.0;0.0;0.50;0.0;0.0;0.50;3.5;0.0;0.50;1.00;0.0;6.5;0.0;0.0;0.0;7.5;2.0;0.0;0.50;2.5;15;0.50;0.0;1.00;1.00;0.0
233883;0;368640;1;-5.6;0.0;4.7;n/a;n/a;n/a;25;18;4.2;2295.893066;0;0.0;0.0;0.0;28;0.0;17227.115234;0;0.0;0.0;0.0;0.0;1.4;905328;1837540;16;1.0;19;0.95;0.0;0.0;0.0;0.0;6.5;0.0;0.0;0.0;0.45;0.45;0.0;3.5;0.0;0.45;0.95;0.0;7.0;0.0;0.0;0.0;7.0;2.0;0.0;0.95;4.0;15;0.0;0.45;0.95;0.95;0.45
235882;0;368640;1;-5.6;0.0;1.8;n/a;n/a;n/a;25;18;4.4;2284.588867;0;0.0;0.0;0.0;28;0.0;19285.082031;0;0.0;0.0;0.0;0.0;1.4;905328;1837540;16;1.0;19;0.50;0.0;0.0;0.0;1.00;2.0;5.5;0.50;2.0;1.00;0.0;0.50;3.5;0.50;0.50;0.50;0.50;7.0;0.0;0.0;0.0;6.5;2.0;0.0;1.00;0.50;15;1.00;0.0;1.00;1.00;0.0
237881;0;368640;1;-5.7;0.0;0.39;n/a;n/a;n/a;25;18;6.2;2287.968506;0;0.0;0.0;0.0;28;0.0;17167.652344;0;0.0;0.0;0.0;0.0;1.4;905328;1837540;16;1.0;19;0.50;0.0;0.0;0.0;0.0;0.0;7.0;0.0;0.50;0.50;0.50;0.50;3.5;0.50;0.50;0.0;0.0;7.0;0.0;0.0;0.0;6.5;2.0;0.0;1.00;0.50;15;0.50;1.00;1.5;1.5;0.0
239880;0;368640;1;-5.8;0.0;4.3;n/a;n/a;n/a;25;18;4.0;2291.357910;0;0.0;0.0;0.0;28;0.0;17193.085938;0;0.0;0.0;0.0;0.0;1.4;905328;1837540;16;1.0;19;0.95;0.0;0.0;0.0;0.0;0.0;6.5;0.0;1.5;0.95;0.45;0.95;4.0;0.0;0.95;0.45;0.0;7.0;0.0;0.0;0.0;6.5;3.0;0.45;2.0;0.45;15;0.0;0.45;0.95;0.95;0.45
241879;0;368640;1;-5.8;0.0;2.8;n/a;n/a;n/a;25;18;4.2;2286.840820;0;0.0;0.0;0.0;28;0.0;17159.191406;0;0.0;0.0;0.0;0.0;1.4;905328;1837540;16;1.0;19;0.45;0.0;0.0;0.0;0.0;0.0;6.5;0.0;0.45;0.0;0.45;0.95;3.5;0.0;0.45;0.0;0.0;7.0;0.0;0.0;0.0;6.5;2.5;0.0;1.5;0.45;15;0.0;0.0;1.5;0.95;0.0
243878;0;368640;1;-5.7;0.0;8.9;n/a;n/a;n/a;25;18;4.8;2283.464600;0;0.0;0.0;0.0;28;0.0;17133.857422;0;0.0;0.0;0.0;0.0;1.4;905328;1837540;16;1.0;19;0.50;0.0;0.0;0.0;0.0;0.0;7.0;0.0;0.0;0.50;0.0;0.50;3.5;0.50;0.50;0.50;0.50;7.0;0.0;0.0;0.0;6.5;2.0;0.0;1.00;0.50;15;1.00;0.50;1.5;1.00;0.50
245877;0;368640;1;-5.7;0.0;8.9;n/a;n/a;n/a;25;18;3.8;2286.840820;0;0.0;0.0;0.0;28;0.0;17159.191406;0;0.0;0.0;0.0;0.0;1.4;905328;1837540;16;1.0;19;1.5;0.50;0.0;0.0;0.0;0.0;3.0;0.0;1.00;1.5;6.0;0.50;3.5;0.50;0.50;0.0;0.0;7.0;0.50;0.0;0.0;6.5;5.5;0.0;0.50;1.00;9.5;1.00;0.0;1.00;1.00;0.0
247876;0;368640;1;-5.8;0.0;11;n/a;n/a;n/a;25;18;4.4;2276.741943;0;0.0;0.0;0.0;28;0.0;17083.416016;0;0.0;0.0;0.0;0.0;1.4;905328;1837540;16;1.5;19;3.0;1.5;0.50;0.50;0.0;0.0;0.0;5.0;0.50;1.00;5.0;0.50;6.0;0.0;1.00;0.50;0.0;9.5;0.0;0.0;0.0;6.0;11;0.0;0.50;1.5;17;1.00;1.5;1.5;2.0;0.0
249875;0;368640;1;-5.8;0.0;13;n/a;n/a;n/a;26;18;2.8;2352.244629;33;0.0;0.0;0.0;28;0.0;17176.123047;0;0.0;0.0;0.0;0.0;1.4;905328;1837540;16;1.5;19;3.0;1.5;0.0;0.0;0.45;0.45;7.0;10.0;0.95;0.95;16;0.95;5.5;0.45;0.45;0.0;0.45;9.0;0.0;0.45;0.45;0.45;4.0;0.0;3.0;2.5;6.0;0.95;1.5;2.0;2.5;0.45
251874;0;368640;1;-5.9;0.0;2.3;n/a;n/a;n/a;25;18;3.6;2290.227051;20;0.0;0.0;0.0;28;0.0;21480.750000;0;0.0;0.0;0.0;0.0;1.4;905328;1837540;16;1.0;19;2.0;6.5;0.50;0.0;0.0;0.0;7.0;7.0;0.50;0.50;15;0.0;3.5;0.0;1.00;0.0;0.0;0.0;0.0;0.0;0.0;0.0;0.0;0.0;0.0;1.00;0.0;0.0;0.0;1.00;1.00;0.0
253873;0;368640;1;-5.8;0.0;-4.4;n/a;n/a;n/a;25;18;3.8;2293.623291;0;0.0;0.0;0.0;28;0.0;17210.083984;0;0.0;0.0;0.0;0.0;1.4;905328;1837540;16;1.0;19;2.0;6.5;0.50;0.0;0.0;0.0;7.0;7.0;0.0;0.50;2.5;0.50;3.5;0.50;1.5;0.0;0.0;0.0;0.0;0.0;0.0;0.0;0.50;0.0;1.00;1.00;13;0.50;0.50;1.00;1.5;0.0
255872;0;368640;1;-5.8;0.0;8.5;n/a;n/a;n/a;25;18;4.2;2287.968506;0;0.0;0.0;0.0;28;0.0;21459.566406;0;0.0;0.0;0.0;0.0;1.4;905328;1837540;16;1.0;19;1.00;7.0;0.0;0.0;0.0;0.0;3.5;7.5;1.00;0.50;8.0;0.50;3.5;1.00;0.50;0.0;1.00;0.0;0.50;0.0;0.0;0.0;3.5;0.0;0.50;2.0;7.5;0.50;0.50;1.5;1.00;0.50
257871;0;368640;1;-5.8;0.0;13;n/a;n/a;n/a;25;18;4.0;2293.623291;0;0.0;0.0;0.0;28;0.0;17210.083984;0;0.0;0.0;0.0;0.0;1.4;905328;1837540;16;1.0;19;0.45;7.5;0.45;0.45;0.0;0.0;2.0;7.0;0.0;0.45;15;0.45;4.0;0.45;0.95;0.95;2.0;0.0;0.0;0.0;0.0;0.0;5.0;0.0;0.95;0.95;0.0;0.0;0.0;0.95;0.95;0.0
259870;0;368640;1;-5.8;0.0;0.98;n/a;n/a;n/a;25;18;4.0;2295.893066;0;0.0;0.0;0.0;28;0.0;17227.115234;0;0.0;0.0;0.0;0.0;1.4;905328;1837540;16;1.0;19;0.45;7.5;0.0;0.0;0.0;0.0;7.0;7.0;0.95;0.45;10.0;0.45;3.5;0.0;0.45;0.45;2.0;0.0;0.0;0.45;0.0;0.0;0.0;0.0;1.5;0.45;5.5;0.45;0.45;0.95;1.5;0.0
261869;0;368640;1;-5.8;0.0;6.2;n/a;n/a;n/a;25;18;3.6;2286.840820;0;0.0;0.0;0.0;28;0.0;17159.191406;0;0.0;0.0;0.0;0.0;1.4;905328;1837540;16;1.0;19;2.0;7.0;0.45;0.0;0.0;0.0;7.5;7.0;2.0;0.45;14;0.45;3.5;0.45;0.45;0.0;0.0;0.0;0.0;0.0;0.0;0.0;0.45;0.0;0.45;0.95;0.95;0.45;0.0;1.5;1.5;0.95
263868;0;368640;1;-5.8;0.0;6.1;n/a;n/a;n/a;25;18;3.8;2291.357910;0;0.0;0.0;0.0;28;0.0;17193.085938;0;0.0;0.0;0.0;0.0;1.4;905328;1837540;16;1.0;19;2.0;6.5;0.0;0.0;0.0;0.0;5.0;7.0;0.50;1.00;15;0.50;3.5;0.0;0.50;1.00;0.0;0.0;0.0;0.0;0.0;0.50;1.5;0.0;0.50;1.00;0.50;0.0;0.50;1.00;1.5;0.0
265867;0;368640;1;-5.9;0.0;-4.6;n/a;n/a;n/a;25;18;4.4;2295.893066;0;0.0;0.0;0.0;28;0.0;19380.503906;0;0.0;0.0;0.0;0.0;1.4;905328;1837540;16;1.5;19;1.5;6.5;0.0;0.0;0.0;0.0;6.5;10.0;0.95;0.45;0.45;0.45;5.5;0.45;2.0;0.0;2.5;3.5;0.0;0.0;0.0;0.45;4.5;0.0;0.95;0.95;20;0.95;0.45;0.95;1.5;0.95
267866;0;368640;1;-5.8;0.0;4.1;n/a;n/a;n/a;25;18;4.6;2292.490234;0;0.0;0.0;0.0;28;0.0;17201.580078;0;0.0;0.0;0.0;0.0;1.4;905328;1837540;16;1.5;19;1.5;10.0;0.0;0.0;0.0;0.0;2.0;10;0.95;0.45;0.95;0.45;6.0;0.0;2.5;0.45;3.0;0.0;0.0;0.0;0.0;0.45;8.5;0.0;0.45;2.0;22;0.45;0.45;2.0;1.5;0.0
269865;0;368640;1;-5.7;0.0;1.2;n/a;n/a;n/a;25;18;4.6;2291.357910;0;0.0;0.0;0.0;28;0.0;21491.357422;0;0.0;0.0;0.0;0.0;1.4;905328;1837540;16;1.0;19;6.5;7.5;0.0;0.0;0.0;0.0;0.0;3.0;0.0;0.50;0.0;1.00;3.5;0.50;0.50;1.00;2.0;0.50;0.0;0.0;0.0;0.0;0.0;3.5;1.00;0.0;15;0.50;0.0;1.00;1.5;0.50
271864;0;368640;1;-5.6;0.0;8.4;n/a;n/a;n/a;25;18;3.8;2293.623291;0;0.0;0.0;0.0;28;0.0;17210.083984;0;0.0;0.0;0.0;0.0;1.4;905328;1837540;16;0.98;19;2.5;7.0;0.50;0.0;0.0;0.50;0.0;0.0;1.00;0.0;0.50;1.00;3.5;0.0;0.50;0.50;6.0;0.0;6.0;0.0;0.0;0.0;0.0;1.00;1.00;0.50;15;0.50;1.5;1.00;1.00;0.0
273863;0;368640;1;-5.5;0.0;2.2;n/a;n/a;n/a;25;18;3.2;2289.097168;0;0.0;0.0;0.0;28;0.0;17176.123047;0;0.0;0.0;0.0;0.0;1.4;905328;1837540;16;0.97;19;2.5;7.0;0.0;0.0;0.0;0.0;0.0;0.0;0.95;0.45;0.45;0.0;3.5;0.45;0.45;0.0;6.0;0.0;7.5;0.0;0.0;0.0;0.0;0.0;0.95;0.45;15;0.45;0.0;1.5;0.95;0.95
275862;0;368640;1;-5.5;0.0;4.6;n/a;n/a;n/a;25;18;4.6;2284.588867;0;0.0;0.0;0.0;28;0.0;14999.507812;0;0.0;0.0;0.0;0.0;1.4;905328;1837540;16;0.97;19;2.0;6.5;2.5;0.0;0.0;0.0;0.0;0.0;0.45;0.95;0.45;0.95;4.0;0.45;0.45;0.0;6.0;0.45;5.0;0.45;0.45;0.0;0.0;0.0;0.95;0.95;15;0.45;0.45;0.95;1.5;0.0
277861;0;368640;1;-5.4;0.0;5.5;n/a;n/a;n/a;25;18;5.6;2293.623291;0;0.0;0.0;0.0;28;0.0;19361.343750;0;0.0;0.0;0.0;0.0;1.4;905328;1837540;16;0.98;19;2.0;7.0;1.00;0.0;0.0;0.0;0.0;0.0;1.00;0.50;0.50;0.50;4.0;0.0;1.5;0.0;6.0;0.0;5.5;0.0;0.0;0.0;0.0;0.0;1.5;0.50;15;1.00;0.0;1.00;1.00;0.50
279860;0;368640;1;-5.5;0.0;9.1;n/a;n/a;n/a;25;18;3.8;2295.893066;0;0.0;0.0;0.0;28;0.0;21533.894531;0;0.0;0.0;0.0;0.0;1.4;905328;1837540;16;0.97;19;2.0;7.0;0.45;0.0;0.0;0.0;0.0;0.0;0.45;0.45;0.0;0.45;3.5;0.45;1.5;0.0;6.0;0.0;7.0;0.0;0.0;0.0;0.0;0.0;0.95;0.95;15;0.0;0.45;0.95;0.95;0.0
281859;0;368640;1;-5.4;0.0;2.9;n/a;n/a;n/a;25;18;4.4;2301.587402;0;0.0;0.0;0.0;28;0.0;17269.841797;0;0.0;0.0;0.0;0.0;1.4;905328;1837540;16;0.97;19;2.5;7.0;0.45;0.0;0.45;0.0;0.0;0.0;0.45;0.45;0.95;0.45;4.0;0.0;0.45;0.45;6.0;0.0;7.0;0.0;0.0;0.45;0.0;0.0;1.5;0.95;15;0.45;0.95;1.5;1.5;0.0
283858;0;368640;1;-5.5;0.0;-4.5;n/a;n/a;n/a;25;18;4.2;2289.097168;0;0.0;0.0;0.0;28;0.0;17176.123047;0;0.0;0.0;0.0;0.0;1.4;905328;1837540;16;0.98;19;2.0;7.0;0.50;0.50;0.0;0.0;0.0;0.50;0.50;0.50;9.5;0.50;3.5;0.50;1.00;0.50;6.0;0.0;7.0;0.0;0.50;0.0;0.50;0.50;1.00;2.0;6.0;0.50;0.50;1.00;1.00;0.50
285857;0;368640;1;-5.6;0.0;0.44;n/a;n/a;n/a;25;18;4.0;2295.893066;0;0.0;0.0;0.0;28;0.0;17227.115234;0;0.0;0.0;0.0;0.0;1.4;905328;1837540;16;0.97;19;2.5;7.0;5.0;0.0;0.0;0.45;0.0;0.0;0.45;0.45;15;0.95;4.0;0.45;0.45;0.95;6.5;0.0;2.0;0.45;0.0;0.0;0.0;0.0;1.5;2.0;0.45;0.45;0.45;1.5;1.5;0.45
287856;0;368640;1;-5.5;0.0;7.9;n/a;n/a;n/a;25;18;3.8;2287.968506;0;0.0;0.0;0.0;28;0.0;19313.609375;0;0.0;0.0;0.0;0.0;1.4;905328;1837540;16;0.97;19;2.0;7.0;0.0;0.0;0.0;0.0;0.0;0.0;0.50;0.50;13;0.0;3.5;0.0;0.50;1.5;6.0;0.0;7.0;0.0;0.0;0.0;0.0;0.0;1.00;1.5;1.5;0.50;0.0;1.00;1.00;0.0
289855;0;368640;1;-5.4;0.0;1.4;n/a;n/a;n/a;25;18;3.6;2291.357910;0;0.0;0.0;0.0;28;0.0;17193.085938;0;0.0;0.0;0.0;0.0;1.4;905328;1837540;16;0.97;19;2.0;6.5;0.0;0.0;0.0;0.0;0.0;0.0;0.50;0.50;8.0;0.50;4.0;0.50;0.50;0.50;6.0;0.0;7.0;0.0;0.0;0.0;0.0;0.0;0.50;1.5;7.5;0.50;0.50;1.5;1.5;0.0
291854;0;368640;1;-5.5;0.0;7.0;n/a;n/a;n/a;25;18;3.6;2292.490234;0;0.0;0.0;0.0;28;0.0;17201.580078;0;0.0;0.0;0.0;0.0;1.4;905328;1837540;16;0.97;19;2.5;7.0;5.5;0.0;0.0;0.0;0.0;0.0;0.45;1.5;5.5;0.45;3.5;0.0;0.45;0.95;6.0;0.0;2.0;0.0;0.0;0.0;0.0;0.0;0.95;0.95;9.5;0.45;0.45;1.5;0.95;0.45
293853;0;368640;1;-5.5;0.0;0.83;n/a;n/a;n/a;25;18;4.0;2290.227051;0;0.0;0.0;0.0;28;0.0;17184.599609;0;0.0;0.0;0.0;0.0;1.4;905328;1837540;16;0.97;19;2.0;7.0;7.0;0.50;0.0;0.0;0.50;0.0;0.50;0.50;15;0.0;3.0;0.0;0.50;0.50;6.0;0.0;0.0;0.0;0.0;0.0;0.0;0.0;0.50;1.5;0.0;0.50;0.50;1.00;1.00;0.50
295852;0;368640;1;-5.2;0.0;3.7;n/a;n/a;n/a;25;18;3.2;2290.227051;0;0.0;0.0;0.0;28;0.0;19332.675781;0;0.0;0.0;0.0;0.0;1.4;905328;1837540;16;0.98;19;2.0;7.0;6.0;0.0;0.45;0.0;0.0;0.0;0.45;0.45;15;0.95;4.0;0.45;0.45;0.0;6.0;0.45;1.5;0.0;0.0;0.0;0.0;0.0;0.45;2.5;0.95;0.45;0.45;1.5;1.5;0.45
297851;0;368640;1;-5.3;0.0;-1.1;n/a;n/a;n/a;25;18;4.8;2292.490234;0;0.0;0.0;0.0;28;0.0;17201.580078;0;0.0;0.0;0.0;0.0;1.4;905328;1837540;16;0.97;19;2.0;7.0;0.0;0.0;0.0;0.0;0.0;0.0;0.45;0.45;14;0.0;3.5;0.0;0.45;0.0;6.0;0.0;7.0;0.0;0.0;0.0;0.0;0.0;0.95;0.95;2.0;0.0;0.45;0.95;2.0;0.0
299850;0;368640;1;-5.4;0.0;0.56;n/a;n/a;n/a;25;18;4.6;2292.490234;0;0.0;0.0;0.0;28;0.0;17201.580078;0;0.0;0.0;0.0;0.0;1.4;905328;1837540;15;0.97;19;1.5;6.5;0.0;0.0;0.0;0.0;0.0;0.0;0.50;0.50;11;0.50;3.5;0.0;0.50;0.50;6.0;1.00;7.0;0.0;0.0;0.0;0.0;0.0;1.5;0.50;4.0;0.50;0.0;1.00;1.5;0.50
301849;0;368640;1;-5.4;0.0;-2.6;n/a;n/a;n/a;25;18;3.2;2295.893066;0;0.0;0.0;0.0;28;0.0;17227.115234;0;0.0;0.0;0.0;0.0;1.4;905328;1837540;15;0.98;19;0.45;6.5;4.5;0.0;0.0;0.0;0.0;0.0;0.95;0.95;6.0;0.45;4.5;0.45;0.45;0.0;6.0;2.0;3.0;0.0;0.0;0.0;0.0;0.0;0.95;0.95;10.0;0.0;0.0;0.95;1.5;1.5
303848;0;368640;1;-5.4;0.0;13;n/a;n/a;n/a;25;18;4.2;2292.490234;0;0.0;0.0;0.0;28;0.0;19351.779297;0;0.0;0.0;0.0;0.0;1.4;905328;1837540;16;0.97;19;0.50;6.0;7.0;0.0;0.0;0.0;0.0;0.0;0.0;0.50;0.0;0.0;3.5;0.50;0.50;0.0;6.0;2.0;0.0;0.0;0.50;0.0;0.0;0.0;1.5;0.50;15;0.50;0.50;1.00;1.00;1.00
305847;0;368640;1;-5.4;0.0;4.7;n/a;n/a;n/a;25;18;3.2;2292.490234;0;0.0;0.0;0.0;28;0.0;19351.779297;0;0.0;0.0;0.0;0.0;1.4;905328;1837540;15;0.97;19;0.45;6.5;0.0;0.0;1.5;0.0;0.0;0.0;1.5;0.45;0.95;0.95;4.0;0.45;0.95;0.45;6.0;2.5;0.0;0.0;6.0;0.0;0.0;0.0;0.95;1.5;15;0.0;0.0;0.95;0.95;0.95
307846;0;368640;1;-5.3;0.0;3.2;n/a;n/a;n/a;25;18;5.6;2291.357910;0;0.0;0.0;0.0;28;0.0;21491.357422;0;0.0;0.0;0.0;0.0;1.4;905328;1837540;15;0.98;19;0.95;6.5;0.0;0.0;0.95;0.45;0.0;0.45;2.0;0.45;11;0.45;3.5;0.45;0.45;0.0;6.0;2.0;0.0;0.0;6.0;0.0;0.0;0.0;1.5;0.0;4.0;0.95;0.0;2.0;0.95;0.0
309845;0;368640;1;-5.3;0.0;6.9;n/a;n/a;n/a;25;18;3.4;2293.623291;0;0.0;0.0;0.0;28;0.0;17210.083984;0;0.0;0.0;0.0;0.0;1.4;905328;1837540;15;0.97;19;0.50;5.5;0.0;0.0;3.0;0.0;0.0;0.0;0.50;0.50;4.5;0.50;4.0;0.50;0.50;1.00;6.0;3.0;0.0;0.0;4.0;0.50;0.50;0.0;1.00;0.50;10;0.0;0.50;1.00;1.5;0.0
311844;0;368640;1;-5.2;0.0;6.7;n/a;n/a;n/a;25;18;4.4;2291.357910;0;0.0;0.0;0.0;28;0.0;19342.222656;0;0.0;0.0;0.0;0.0;1.4;905328;1837540;15;1.5;19;0.50;1.00;0.50;0.0;8.0;0.0;0.0;0.0;1.5;1.5;0.50;0.50;5.5;0.50;1.5;1.5;9.5;10;2.5;0.50;3.0;0.50;0.0;0.0;0.50;0.50;21;0.50;0.0;1.00;1.5;0.0
313843;0;368640;1;-5.4;0.0;3.5;n/a;n/a;n/a;25;18;4.0;2289.097168;0;0.0;0.0;0.0;28;0.0;21470.152344;0;0.0;0.0;0.0;0.0;1.4;905328;1837540;15;1.0;19;0.95;0.45;0.0;0.45;7.0;0.0;0.45;0.0;0.45;0.45;14;0.45;4.0;0.45;0.95;0.45;6.0;7.5;2.0;0.0;0.0;0.0;0.0;0.45;0.45;2.0;1.5;0.45;0.45;1.5;0.95;0.45
315842;0;368640;1;-5.3;0.0;7.9;n/a;n/a;n/a;25;18;4.4;2287.968506;0;0.0;0.0;0.0;28;0.0;19313.609375;0;0.0;0.0;0.0;0.0;1.4;905328;1837540;15;1.0;19;0.45;0.0;0.0;0.0;7.0;0.0;0.0;0.0;0.95;0.45;0.45;0.0;4.0;0.45;0.45;1.5;5.5;7.5;2.0;0.0;0.45;0.0;0.0;0.0;1.5;0.0;15;0.45;0.45;0.95;1.5;0.0
317841;0;368640;1;-5.4;0.0;1.9;n/a;n/a;n/a;25;18;4.0;2287.968506;0;0.0;0.0;0.0;28;0.0;17167.652344;0;0.0;0.0;0.0;0.0;1.4;905328;1837540;15;1.0;19;0.50;0.0;0.0;0.0;7.0;0.0;0.0;0.0;1.00;0.50;15;0.50;3.5;0.0;0.50;0.0;6.0;7.5;2.0;0.0;0.0;0.0;0.0;0.0;1.5;1.00;0.50;0.50;0.50;1.00;1.00;0.50
319840;0;368640;1;-5.3;0.0;4.9;n/a;n/a;n/a;25;18;5.0;2291.357910;0;0.0;0.0;0.0;28;0.0;17193.085938;0;0.0;1.0;0.0;0.0;1.4;905328;1837540;15;1.0;19;1.00;0.0;0.50;0.0;7.0;0.50;0.0;0.0;0.50;0.50;8.0;0.50;4.0;1.00;1.00;0.50;7.0;7.5;2.0;0.0;0.50;0.50;0.50;0.50;2.0;1.00;8.0;0.50;0.50;1.5;2.0;0.50
321839;0;368640;1;-5.2;0.0;2.2;n/a;n/a;n/a;25;18;3.4;2285.714355;0;0.0;0.0;0.0;28;0.0;19294.582031;0;0.0;0.0;0.0;0.0;1.4;905328;1837540;15;0.98;19;0.50;0.0;0.0;0.50;7.5;0.0;0.0;0.0;1.00;1.5;7.5;0.50;4.0;0.0;0.50;0.0;6.0;7.0;2.0;0.0;0.0;0.0;0.0;0.0;1.00;0.50;8.0;0.50;0.0;1.5;1.5;0.50
323838;0;368640;1;-5.2;0.0;0.46;n/a;n/a;n/a;25;18;4.8;2291.357910;0;0.0;0.0;0.0;28;0.0;19342.222656;0;0.0;0.0;0.0;0.0;1.4;905328;1837540;16;1.0;19;0.45;0.0;0.0;0.0;6.5;0.0;0.0;0.0;0.45;0.45;15;0.45;3.5;0.45;0.45;0.45;6.5;7.0;2.0;0.45;0.45;0.0;0.0;0.0;3.0;0.45;0.45;0.0;0.45;0.95;0.95;0.45
325837;0;368640;1;-5.2;0.0;2.8;n/a;n/a;n/a;25;18;3.6;2299.306152;0;0.0;0.0;0.0;28;0.0;19409.316406;0;0.0;0.0;0.0;0.0;1.4;905328;1837540;15;1.0;19;0.50;0.0;0.0;0.0;0.0;0.0;0.0;0.0;0.50;0.50;13;1.00;3.5;0.0;0.50;0.0;6.0;7.0;2.0;0.0;7.0;0.0;0.0;0.0;0.0;4.0;1.5;0.50;0.0;1.00;1.5;0.0
327836;0;368640;1;-5.2;0.0;-0.33;n/a;n/a;n/a;25;19;3.4;2286.840820;0;0.0;0.0;0.0;28;0.0;17159.191406;0;0.0;0.0;0.0;0.0;1.4;905328;1837540;15;1.0;19;0.95;0.0;0.0;2.0;6.0;0.45;0.45;0.0;0.95;1.5;3.0;0.45;4.0;0.45;0.45;0.45;6.5;7.5;0.0;0.0;1.5;0.0;0.0;0.0;1.5;2.0;12;0.95;0.95;1.5;0.95;0.45
329835;0;368640;1;-5.3;0.0;-2.0;n/a;n/a;n/a;25;18;4.4;2293.623291;0;0.0;0.0;0.0;28;0.0;17210.083984;0;0.0;0.0;0.0;0.0;1.4;905328;1837540;15;1.0;19;0.45;0.0;0.0;2.0;3.5;0.0;0.0;0.0;0.0;0.45;0.0;0.45;3.5;0.45;0.45;0.0;6.5;7.0;0.0;0.0;3.5;0.0;0.0;0.0;0.95;0.45;15;0.0;0.45;0.95;0.95;0.45
331834;0;368640;1;-5.3;0.0;7.9;n/a;n/a;n/a;25;18;4.2;2295.893066;0;0.0;0.0;0.0;28;0.0;19380.503906;0;0.0;0.0;0.0;0.0;1.4;905328;1837540;15;1.0;19;0.0;0.0;0.0;1.00;3.0;0.0;0.0;0.0;1.00;1.5;6.5;0.50;3.5;0.0;0.50;0.0;6.5;7.0;0.50;1.00;4.0;0.0;0.0;0.0;0.50;0.50;9.0;0.50;0.0;1.5;1.00;1.00
333833;0;368640;1;-5.3;0.0;12;n/a;n/a;n/a;25;18;3.4;2300.446289;0;0.0;0.0;0.0;28;0.0;17261.279297;0;0.0;0.0;0.0;0.0;1.4;905328;1837540;16;1.0;19;0.50;0.0;0.0;0.0;7.0;0.0;0.0;0.0;1.00;0.50;14;0.0;3.5;0.50;0.50;0.0;6.5;7.0;0.0;1.5;0.0;0.0;0.0;0.50;1.00;1.00;1.00;0.0;0.50;1.00;1.5;1.00
335832;0;368640;1;-5.4;0.0;4.5;n/a;n/a;n/a;25;18;3.8;2292.490234;0;0.0;0.0;0.0;28;0.0;21501.976562;0;0.0;0.0;0.0;0.0;1.4;905328;1837540;15;1.0;19;0.50;0.0;0.0;0.0;0.0;0.0;0.0;0.0;0.0;0.50;6.5;0.50;3.5;0.0;0.50;0.0;6.5;7.0;0.0;2.0;0.0;0.0;7.0;0.0;0.50;0.0;8.5;0.0;0.0;1.00;1.00;1.00
337831;0;368640;1;-5.3;0.0;-3.7;n/a;n/a;n/a;25;18;3.8;2295.893066;0;0.0;0.0;0.0;28;0.0;21533.894531;0;0.0;0.0;0.0;0.0;1.4;905328;1837540;15;1.0;19;0.95;0.45;0.0;0.45;0.0;0.45;6.0;0.45;1.5;0.45;3.5;0.45;4.0;0.45;0.95;0.45;6.5;7.5;0.0;2.0;0.0;0.45;1.5;0.0;1.5;2.0;13;0.45;0.45;1.5;0.95;0.45
339830;0;368640;1;-5.3;0.0;2.6;n/a;n/a;n/a;25;18;4.2;2299.306152;0;0.0;0.0;0.0;28;0.0;19409.316406;0;0.0;0.0;0.0;0.0;1.4;905328;1837540;15;1.0;19;0.45;0.0;0.0;1.5;0.0;0.0;3.0;0.0;0.45;0.45;0.45;0.45;4.0;0.45;0.45;0.45;6.5;7.0;0.0;0.0;0.0;0.0;4.0;0.0;0.45;1.5;15;0.45;0.45;0.95;1.5;0.45
341829;0;368640;1;-5.4;0.0;6.4;n/a;n/a;n/a;25;18;4.2;2293.623291;0;0.0;0.0;0.0;28;0.0;17210.083984;0;0.0;0.0;0.0;0.0;1.4;905328;1837540;15;1.0;19;0.50;0.0;0.50;2.0;0.0;0.0;2.5;0.0;0.50;1.5;0.50;1.00;3.5;0.50;0.50;0.0;6.5;7.0;0.0;0.0;0.0;0.0;5.0;0.0;0.50;1.00;15;0.50;0.50;1.00;1.00;0.50
343828;0;368640;1;-5.4;0.0;1.3;n/a;n/a;n/a;25;18;3.8;2287.968506;0;0.0;0.0;0.0;28;0.0;17167.652344;0;0.0;0.0;0.0;0.0;1.4;905328;1837540;16;1.0;19;0.45;0.0;0.0;2.0;0.0;0.0;7.0;0.0;0.95;0.0;0.45;0.0;3.5;0.0;0.45;0.0;6.5;7.5;0.45;0.45;0.45;0.0;0.0;0.0;1.5;1.5;15;0.0;0.0;1.5;0.95;0.0
345827;0;368640;1;-5.3;0.0;4.3;n/a;n/a;n/a;25;18;4.2;2298.167480;0;0.0;0.0;0.0;28;0.0;19399.703125;0;0.0;0.0;0.0;0.0;1.4;905328;1837540;15;1.0;19;0.45;0.0;0.0;2.0;0.0;0.0;7.0;0.0;0.0;0.45;0.0;0.0;3.5;0.0;0.45;0.0;6.5;7.0;0.0;0.0;0.0;0.0;0.0;0.0;0.95;0.95;15;0.0;0.45;0.95;0.95;0.0
347826;0;368640;1;-5.3;0.0;5.4;n/a;n/a;n/a;25;18;4.0;2287.968506;0;0.0;0.0;0.0;28;0.0;19313.609375;0;0.0;0.0;0.0;0.0;1.4;905328;1837540;15;1.0;19;0.50;0.0;0.0;0.50;0.0;0.0;7.0;0.0;1.00;0.0;0.50;0.50;4.0;1.00;0.50;0.50;6.5;7.0;0.0;1.00;0.0;0.0;0.50;0.0;1.5;2.0;15;1.00;1.00;1.00;1.5;0.0
349825;0;368640;1;-5.4;0.0;13;n/a;n/a;n/a;25;18;3.8;2287.968506;0;0.0;0.0;0.0;28;0.0;21459.566406;0;0.0;0.0;0.0;0.0;1.4;905328;1837540;15;0.98;19;0.45;0.0;0.0;0.0;0.0;0.0;7.0;0.0;0.95;0.95;0.45;0.0;4.0;0.0;0.45;0.0;6.5;7.0;0.0;2.0;0.0;0.0;0.0;0.45;0.95;0.45;15;0.0;0.95;0.95;1.5;0.45
351824;0;368640;1;-5.4;0.0;5.1;n/a;n/a;n/a;25;18;4.8;2292.490234;0;0.0;0.0;0.0;28;0.0;19351.779297;0;0.0;0.0;0.0;0.0;1.4;905328;1837540;15;0.98;19;0.45;1.5;0.0;0.0;0.0;0.0;5.5;2.0;0.95;0.45;0.95;0.95;3.5;0.45;0.45;0.45;6.5;5.0;0.0;2.0;0.0;0.0;0.0;0.0;0.45;0.45;15;0.45;0.0;1.5;0.95;0.45
353823;0;368640;1;-5.3;0.0;-11;n/a;n/a;n/a;25;18;4.0;2294.757568;0;0.0;0.0;0.0;28;0.0;17218.595703;0;0.0;0.0;0.0;0.0;1.4;905328;1837540;15;1.5;19;1.00;9.5;0.0;0.0;0.0;0.0;0.0;11;1.00;1.00;1.5;0.0;6.0;0.0;1.00;0.0;9.5;0.50;0.0;3.0;0.0;0.50;0.0;0.0;1.00;0.50;21;0.0;0.50;1.00;2.0;1.00
355822;0;368640;1;-5.3;0.0;6.5;n/a;n/a;n/a;25;18;4.2;2293.623291;0;0.0;0.0;0.0;28;0.0;19361.343750;0;0.0;0.0;0.0;0.0;1.4;905328;1837540;15;0.98;19;0.50;7.5;0.0;0.0;0.0;0.0;0.0;0.0;0.0;0.50;14;0.50;3.5;0.0;0.50;1.00;6.5;0.0;7.0;2.0;0.0;0.0;0.0;0.0;1.00;0.0;0.0;0.0;0.0;1.00;1.00;0.0
357821;0;368640;1;-5.3;0.0;3.8;n/a;n/a;n/a;25;18;4.8;2291.357910;0;0.0;0.0;0.0;28;0.0;17193.085938;0;0.0;0.0;0.0;0.0;1.4;905328;1837540;15;1.0;19;5.5;7.5;0.0;1.5;0.45;0.0;0.45;0.0;2.0;0.95;9.0;0.45;3.5;0.45;0.45;0.45;1.5;0.0;7.5;0.95;0.95;0.0;0.0;0.0;0.45;1.5;7.0;0.95;0.45;0.95;0.95;0.45
359820;0;368640;1;-5.4;0.0;-16;n/a;n/a;n/a;25;18;3.2;2290.227051;0;0.0;0.0;0.0;28;0.0;19332.675781;0;0.0;0.0;0.0;0.0;1.4;905328;1837540;15;1.0;19;7.0;7.0;0.0;2.0;0.50;0.0;0.0;0.0;0.50;0.0;0.50;0.50;3.5;0.0;0.50;0.0;0.0;0.0;6.5;0.50;0.0;0.50;0.0;0.0;0.0;1.00;15;0.50;0.0;1.00;1.5;0.0
361819;0;368640;1;-5.3;0.0;-10;n/a;n/a;n/a;25;18;3.4;2292.490234;0;0.0;0.0;0.0;28;0.0;17201.580078;0;0.0;0.0;0.0;0.0;1.4;905328;1837540;15;0.98;19;7.0;6.5;1.5;2.0;0.45;0.45;0.0;0.0;0.45;2.0;2.5;0.0;3.5;0.0;0.45;0.45;0.0;0.0;6.5;0.0;0.0;0.0;0.0;0.0;0.95;0.95;13;0.45;0.45;1.5;0.95;0.0
363818;0;368640;1;-5.3;0.0;2.5;n/a;n/a;n/a;25;18;3.8;2293.623291;0;0.0;0.0;0.0;28;0.0;17210.083984;0;0.0;0.0;0.0;0.0;1.4;905328;1837540;16;1.5;19;9.5;10;10;3.0;0.95;0.95;0.0;0.0;0.0;0.45;16;0.45;5.5;0.45;0.45;0.0;0.0;0.0;0.0;0.0;0.0;0.45;0.0;0.0;0.45;1.5;5.5;0.45;0.45;0.95;1.5;0.45
365817;0;368640;1;-5.4;0.0;-0.49;n/a;n/a;n/a;25;18;4.4;2291.357910;0;0.0;0.0;0.0;28;0.0;17193.085938;0;0.0;0.0;0.0;0.0;1.4;905328;1837540;15;1.0;19;6.5;7.5;7.0;1.5;1.00;0.50;0.0;0.0;0.50;0.0;0.0;0.0;3.5;0.0;0.50;0.0;0.0;0.0;0.0;0.0;0.0;0.0;0.0;0.0;0.0;1.00;15;0.50;0.50;1.00;1.5;0.0
367816;0;368640;1;-5.5;0.0;4.6;n/a;n/a;n/a;25;18;5.0;2285.714355;0;0.0;0.0;0.0;28;0.0;19294.582031;0;0.0;0.0;0.0;0.0;1.4;905328;1837540;16;1.0;19;6.5;7.5;7.5;2.5;0.45;0.45;0.45;0.0;0.95;0.95;0.95;0.45;4.0;0.45;0.95;0.0;0.0;0.0;0.0;0.0;0.0;0.0;0.0;0.0;2.5;0.95;15;0.45;0.45;1.5;0.95;0.45
369815;0;368640;1;-5.6;0.0;-5.4;n/a;n/a;n/a;25;18;3.6;2287.968506;0;0.0;0.0;0.0;28;0.0;17167.652344;0;0.0;0.0;0.0;0.0;1.4;905328;1837540;16;0.98;19;6.0;7.5;7.0;2.0;0.0;1.00;0.0;0.0;0.50;1.00;5.5;0.50;3.5;0.0;0.50;0.50;0.0;0.0;0.0;0.0;0.0;0.0;0.0;0.0;1.00;0.0;10;0.50;0.50;1.5;1.00;0.0
371814;0;368640;1;-5.6;0.0;0.88;n/a;n/a;n/a;25;18;5.0;2295.893066;0;0.0;0.0;0.0;28;0.0;17227.115234;0;0.0;0.0;0.0;0.0;1.4;905328;1837540;16;1.0;19;6.5;7.5;6.5;1.5;1.5;0.0;0.0;0.0;0.95;0.95;0.45;0.45;3.5;0.45;0.45;0.0;0.0;0.0;0.45;0.0;0.0;0.0;0.0;0.0;0.95;1.5;15;0.0;0.0;0.95;0.95;0.45
373813;0;368640;1;-5.6;0.0;-6.5;n/a;n/a;n/a;25;18;4.0;2290.227051;0;0.0;0.0;0.0;28;0.0;21480.750000;0;0.0;0.0;0.0;0.0;1.4;905328;1837540;16;1.0;19;6.5;7.5;0.0;0.0;0.0;0.0;0.0;0.0;0.50;1.00;0.50;0.50;4.0;0.50;0.50;0.0;0.0;0.0;7.0;2.0;0.0;0.0;0.0;0.0;1.5;0.50;15;1.00;0.0;1.5;1.00;0.0
375812;0;368640;1;-5.6;0.0;7.0;n/a;n/a;n/a;25;18;4.2;2295.893066;0;0.0;0.0;0.0;28;0.0;17227.115234;0;0.0;0.0;0.0;0.0;1.4;905328;1837540;16;1.0;19;6.5;7.5;0.0;0.0;0.0;0.0;0.0;0.0;0.50;0.50;0.0;0.50;3.0;0.0;0.50;0.50;0.0;0.0;7.0;2.0;0.0;0.0;0.0;0.0;0.0;1.00;15;0.0;0.50;1.00;1.5;0.50
377811;0;368640;1;-5.5;0.0;1.2;n/a;n/a;n/a;25;18;3.6;2290.227051;0;0.0;0.0;0.0;28;0.0;17184.599609;0;0.0;0.0;0.0;0.0;1.4;905328;1837540;16;1.0;19;6.5;7.5;6.0;0.0;0.0;0.0;0.0;0.0;2.0;1.5;3.5;0.95;4.0;0.45;0.45;0.0;0.0;0.0;1.5;2.0;0.0;0.45;0.0;0.0;1.5;0.95;13;0.45;0.0;0.95;2.5;0.45
379810;0;368640;1;-5.4;0.0;17;n/a;n/a;n/a;25;18;4.2;2287.968506;0;0.0;0.0;0.0;28;0.0;19313.609375;0;0.0;0.0;0.0;0.0;1.4;905328;1837540;16;0.98;19;6.0;7.5;7.0;0.0;0.0;0.0;0.0;0.0;0.50;1.00;14;0.0;3.5;0.0;0.50;0.50;0.0;0.0;0.0;2.0;0.50;0.0;0.50;0.0;1.5;0.50;1.00;0.0;0.0;1.00;1.5;1.00
381809;0;368640;1;-5.5;0.0;-4.4;n/a;n/a;n/a;25;18;3.8;2287.968506;0;0.0;0.0;0.0;28;0.0;19313.609375;0;0.0;0.0;0.0;0.0;1.4;905328;1837540;16;0.98;19;6.5;7.0;7.0;0.0;0.0;0.0;0.0;0.0;0.45;0.0;0.0;0.45;3.5;0.0;0.45;0.0;0.0;0.0;0.0;2.0;0.0;0.0;0.0;0.0;0.45;0.45;14;0.45;0.0;0.95;1.5;0.0
383808;0;368640;1;-5.5;0.0;-3.2;n/a;n/a;n/a;25;18;5.6;2284.588867;0;0.0;0.0;0.0;28;0.0;17142.294922;0;0.0;0.0;0.0;0.0;1.4;905328;1837540;16;1.5;19;9.5;11;0.50;0.0;0.0;0.0;0.0;0.0;1.5;2.0;0.50;1.00;5.5;0.50;1.00;0.0;0.0;0.0;11;3.0;0.0;0.50;0.0;0.0;1.5;1.00;22;0.50;0.50;1.00;2.0;1.5
385807;0;368640;1;-5.5;0.0;6.4;n/a;n/a;n/a;25;18;4.4;2297.029785;0;0.0;0.0;0.0;28;0.0;19390.099609;0;0.0;0.0;0.0;0.0;1.4;905328;1837540;16;1.0;19;6.5;7.5;0.0;0.0;0.0;0.0;0.0;0.0;0.50;0.50;0.0;0.50;3.5;0.50;0.50;0.50;0.0;0.0;7.0;2.0;0.0;0.0;0.0;0.0;1.00;0.0;15;0.50;0.0;1.5;1.00;1.00
387806;0;368640;1;-5.4;0.0;-2.6;n/a;n/a;n/a;25;18;4.2;2286.840820;0;0.0;0.0;0.0;28;0.0;17159.191406;0;0.0;0.0;0.0;0.0;1.4;905328;1837540;16;1.0;19;6.5;7.5;3.0;2.0;0.0;0.0;0.0;0.0;0.50;1.00;1.5;0.50;4.0;0.0;0.50;0.0;0.0;0.0;4.5;0.50;0.0;0.0;0.0;0.0;2.5;2.0;14;1.00;0.50;1.00;1.00;1.5
389805;0;368640;1;-5.5;0.0;5.6;n/a;n/a;n/a;25;18;3.6;2285.714355;0;0.0;0.0;0.0;28;0.0;19294.582031;0;0.0;0.0;0.0;0.0;1.4;905328;1837540;16;0.97;19;6.5;4.5;0.0;4.5;0.45;0.0;0.0;0.0;0.45;0.95;9.5;0.45;3.5;0.45;0.45;0.0;0.0;3.0;3.0;0.95;0.0;0.0;0.0;0.0;0.95;0.45;5.0;0.45;0.0;0.95;1.5;0.0
391804;0;368640;1;-5.5;0.0;3.1;n/a;n/a;n/a;25;18;4.0;2290.227051;0;0.0;0.0;0.0;28;0.0;19332.675781;0;0.0;0.0;0.0;0.0;1.4;905328;1837540;16;1.0;19;6.0;0.0;0.0;7.0;0.0;0.0;0.0;0.0;0.0;0.45;15;0.0;3.5;0.0;0.45;0.45;0.0;7.0;0.0;2.0;0.0;0.0;0.0;0.0;0.45;0.0;0.0;0.0;0.45;1.5;0.95;0.45
393803;0;368640;1;-5.5;0.0;10;n/a;n/a;n/a;25;18;4.6;2293.623291;0;0.0;0.0;0.0;28;0.0;17210.083984;0;0.0;0.0;0.0;0.0;1.4;905328;1837540;16;1.0;19;7.0;1.00;0.50;3.0;0.50;0.0;0.50;0.50;1.00;1.00;15;1.5;3.5;0.50;0.50;0.50;0.50;8.0;0.50;7.0;0.50;0.50;0.50;1.00;2.5;1.00;0.50;1.00;0.50;1.00;1.5;0.50
395802;0;368640;1;-5.5;0.0;-7.5;n/a;n/a;n/a;25;18;3.8;2294.757568;0;0.0;0.0;0.0;28;0.0;19370.919922;0;0.0;0.0;0.0;0.0;1.4;905328;1837540;16;1.0;19;4.5;0.0;0.45;2.0;0.0;0.45;0.0;0.0;0.45;0.0;2.5;0.45;4.5;0.0;0.45;0.0;2.0;7.5;0.0;7.0;0.0;0.0;0.0;0.0;0.0;0.95;13;0.0;0.0;0.95;0.95;0.0
397801;0;368640;1;-5.5;0.0;3.6;n/a;n/a;n/a;25;18;2.8;2356.895752;33;0.0;0.0;0.0;28;0.0;17210.083984;0;0.0;0.0;0.0;0.0;1.4;905328;1837540;16;1.0;19;1.00;0.0;0.50;2.5;0.50;0.0;0.0;0.0;1.5;2.5;3.0;1.00;4.0;0.50;1.00;0.50;6.0;7.5;0.50;7.0;0.0;0.0;0.0;0.0;1.00;1.5;12;0.50;0.50;1.5;1.5;0.50
399800;0;368640;1;-5.5;0.0;1.8;n/a;n/a;n/a;25;18;4.6;2292.490234;0;0.0;0.0;0.0;28;0.0;17201.580078;0;0.0;0.0;0.0;0.0;1.4;905328;1837540;16;1.0;19;0.50;0.0;0.0;4.5;0.0;0.0;0.0;0.0;0.50;0.50;15;0.50;3.5;0.0;0.50;0.0;6.0;7.5;0.0;4.5;0.50;0.50;0.0;0.0;0.0;2.5;0.0;0.50;0.50;1.00;1.00;1.00
401799;0;368640;1;-5.5;0.0;7.0;n/a;n/a;n/a;25;18;3.8;2290.227051;0;0.0;0.0;0.0;28;0.0;19332.675781;0;0.0;0.0;0.0;0.0;1.4;905328;1837540;16;1.0;19;0.45;0.0;0.0;2.0;0.0;0.0;0.0;0.0;0.0;0.95;15;0.45;3.5;0.45;0.45;0.0;6.0;7.5;0.0;7.0;0.0;0.0;0.0;0.0;0.0;0.95;0.45;0.45;0.0;0.95;1.5;0.95
403798;0;368640;1;-5.6;0.0;10;n/a;n/a;n/a;25;18;4.2;2287.968506;0;0.0;0.0;0.0;28;0.0;19313.609375;0;0.0;0.0;0.0;0.0;1.4;905328;1837540;16;1.0;19;0.45;0.0;0.0;6.0;0.45;0.0;0.0;0.0;0.95;2.0;15;0.45;4.0;0.95;0.45;0.0;6.0;7.5;0.0;3.0;0.0;0.0;0.0;0.0;0.95;1.5;0.0;0.0;0.45;1.5;0.95;0.45
405797;0;368640;1;-5.6;0.0;11;n/a;n/a;n/a;25;18;3.4;2291.357910;0;0.0;0.0;0.0;28;0.0;17193.085938;0;0.0;0.0;0.0;0.0;1.4;905328;1837540;16;1.0;19;0.50;0.0;0.0;7.0;0.0;0.0;0.0;0.0;0.50;0.50;15;0.0;3.5;0.50;0.50;0.50;5.5;7.5;0.0;2.0;0.0;0.0;0.0;0.0;0.50;1.5;0.50;0.0;0.0;1.00;1.00;0.0
407796;0;368640;1;-5.4;0.0;-0.71;n/a;n/a;n/a;25;18;3.2;2289.097168;0;0.0;0.0;0.0;28;0.0;17176.123047;0;0.0;0.0;0.0;0.0;1.4;905328;1837540;16;1.0;19;5.5;0.0;0.0;7.0;0.50;0.50;0.50;0.0;0.50;1.00;13;1.00;4.0;1.00;0.50;0.50;1.5;7.5;0.0;2.5;0.0;0.0;0.0;0.0;2.0;1.5;2.5;1.00;0.0;1.00;1.00;0.0
409795;0;368640;1;-5.5;0.0;0.71;n/a;n/a;n/a;25;18;4.4;2282.341309;0;0.0;0.0;0.0;28;0.0;17125.429688;0;0.0;0.0;0.0;0.0;1.4;905328;1837540;16;0.98;19;6.5;0.0;0.0;5.0;0.0;0.0;0.0;0.0;0.45;1.5;13;0.95;4.0;0.0;0.45;0.0;0.0;7.5;0.0;4.0;0.0;0.0;0.0;0.0;0.45;0.95;2.5;0.0;0.45;0.95;1.5;0.45
411794;0;368640;1;-5.6;0.0;-7.0;n/a;n/a;n/a;25;18;4.2;2278.978271;0;0.0;0.0;0.0;28;0.0;17100.197266;0;0.0;0.0;0.0;0.0;1.4;905328;1837540;16;1.0;19;6.0;0.0;0.0;7.5;0.0;0.0;0.0;0.0;0.50;0.50;4.0;0.0;3.5;0.50;0.50;0.0;0.0;7.5;0.50;2.0;0.0;0.0;0.0;0.0;0.0;1.00;12;0.50;0.0;1.00;1.00;0.0
413793;0;368640;1;-5.5;0.0;1.2;n/a;n/a;n/a;25;18;4.2;2286.840820;0;0.0;0.0;0.0;28;0.0;17159.191406;0;0.0;0.0;0.0;0.0;1.4;905328;1837540;16;1.0;19;6.5;0.45;0.0;3.5;0.0;0.0;0.0;0.0;0.95;2.0;0.45;0.45;4.0;0.95;0.95;0.45;0.0;7.5;0.0;6.0;0.45;0.0;0.45;0.0;0.45;1.5;15;0.0;0.45;0.95;0.95;0.0
415792;0;368640;1;-5.6;0.0;10;n/a;n/a;n/a;25;18;4.2;2287.968506;0;0.0;0.0;0.0;28;0.0;27897.435547;0;0.0;0.0;0.0;0.0;1.4;905328;1837540;16;1.0;19;6.5;0.0;0.0;2.0;0.0;0.0;0.0;0.0;0.0;0.50;0.0;0.0;3.5;0.0;0.50;1.00;0.0;7.5;0.0;7.0;0.0;0.0;1.00;0.0;0.0;0.0;16;0.50;0.0;1.00;1.00;0.0
417791;0;368640;1;-5.4;0.0;2.7;n/a;n/a;n/a;25;18;3.6;2287.968506;0;0.0;0.0;0.0;28;0.0;17167.652344;0;0.0;0.0;0.0;0.0;1.4;905328;1837540;16;1.0;19;6.5;0.0;0.0;3.0;0.0;0.0;0.0;0.0;0.95;1.5;14;0.45;4.0;0.45;0.95;0.95;0.0;7.5;0.0;6.0;0.0;0.0;0.95;0.0;1.5;0.95;2.0;0.45;0.95;0.95;1.5;0.0
419790;0;368640;1;-5.5;0.0;1.2;n/a;n/a;n/a;25;18;4.4;2286.840820;0;0.0;0.0;0.0;28;0.0;17159.191406;0;0.0;0.0;0.0;0.0;1.4;905328;1837540;16;1.2;19;7.5;0.0;0.0;6.0;0.0;0.0;0.0;0.0;0.50;1.00;11;0.50;4.0;0.0;0.50;1.00;0.0;8.5;0.0;5.5;0.0;0.0;0.50;0.0;0.0;1.00;8.0;0.0;0.50;1.5;1.00;0.0
421789;0;368640;1;-5.4;0.0;-6.5;n/a;n/a;n/a;25;18;3.6;2290.227051;0;0.0;0.0;0.0;28;0.0;17184.599609;0;0.0;0.0;0.0;0.0;1.4;905328;1837540;16;1.0;19;6.5;0.0;0.0;2.0;0.0;0.0;0.0;0.0;0.0;0.50;0.0;0.0;3.5;0.50;0.50;0.50;0.0;7.5;0.0;7.0;0.0;0.0;0.50;0.0;1.00;0.0;15;0.0;0.50;1.00;1.00;0.0
423788;0;368640;1;-5.3;0.0;4.4;n/a;n/a;n/a;25;18;3.8;2294.757568;0;0.0;0.0;0.0;28;0.0;17218.595703;0;0.0;0.0;0.0;0.0;1.4;905328;1837540;16;1.0;19;6.5;0.0;0.0;7.0;0.0;0.0;0.0;0.45;0.45;0.95;0.0;0.95;3.5;0.0;0.45;0.45;0.0;7.5;0.0;2.5;0.0;0.0;0.95;0.0;1.5;0.95;16;0.45;0.45;1.5;2.0;0.45
425787;0;368640;1;-5.4;0.0;8.2;n/a;n/a;n/a;25;18;3.8;2291.357910;0;0.0;0.0;0.0;28;0.0;19342.222656;0;0.0;0.0;0.0;0.0;1.4;905328;1837540;16;1.0;19;6.5;0.0;0.0;7.0;0.0;0.0;0.0;0.0;0.45;0.45;15;0.0;3.5;0.0;0.45;0.0;0.0;7.5;0.0;2.0;0.0;0.0;0.45;0.0;0.0;0.0;0.45;0.0;0.0;0.95;0.95;0.95
427786;0;368640;1;-5.4;0.0;2.9;n/a;n/a;n/a;25;18;3.8;2287.968506;0;0.0;0.0;0.0;28;0.0;21459.566406;0;0.0;0.0;0.0;0.0;1.4;905328;1837540;16;1.0;19;6.5;0.0;0.0;3.0;0.50;0.0;0.0;0.0;1.00;1.00;2.5;1.00;4.0;0.50;1.00;0.50;0.0;7.5;0.50;6.5;0.0;0.50;1.5;0.0;0.50;1.5;13;1.00;0.50;1.5;1.00;0.50
429785;0;368640;1;-5.5;0.0;9.0;n/a;n/a;n/a;25;18;5.0;2287.968506;0;0.0;0.0;0.0;28;0.0;17167.652344;0;0.0;0.0;0.0;0.0;1.4;905328;1837540;16;1.0;19;0.50;0.0;0.50;2.0;3.5;0.0;0.0;0.0;0.50;0.50;1.00;0.50;4.0;0.50;0.50;0.0;6.0;7.5;0.0;3.5;0.0;0.0;0.50;0.0;0.50;0.50;15;0.0;0.50;1.00;1.5;0.50
431784;0;368640;1;-5.5;0.0;11;n/a;n/a;n/a;25;18;3.8;2293.623291;0;0.0;0.0;0.0;28;0.0;23663.865234;0;0.0;0.0;0.0;0.0;1.4;905328;1837540;16;1.0;19;0.45;0.0;0.0;2.0;7.5;0.0;0.0;0.0;0.0;0.45;0.45;0.45;3.5;0.45;0.45;0.45;5.5;7.5;0.0;0.0;0.0;0.0;0.45;0.0;0.0;0.45;16;0.45;0.45;0.95;0.95;0.0
433783;0;368640;1;-5.5;0.0;6.8;n/a;n/a;n/a;25;18;4.4;2289.097168;0;0.0;0.0;0.0;28;0.0;23617.167969;0;0.0;0.0;0.0;0.0;1.4;905328;1837540;16;1.0;19;0.50;0.0;0.0;1.00;7.0;0.50;0.50;0.0;1.00;1.00;9.0;1.00;4.0;0.50;0.50;0.0;6.0;7.5;0.50;1.00;0.50;0.0;0.50;0.0;1.00;1.5;7.0;0.0;0.0;1.00;2.0;0.0
435782;0;368640;1;-5.4;0.0;-2.8;n/a;n/a;n/a;25;18;3.0;2297.029785;0;0.0;0.0;0.0;28;3.0;12926.732422;0;0.0;0.0;0.0;0.0;1.4;905328;1837540;16;1.0;19;0.45;0.0;0.0;0.0;0.0;0.0;0.0;0.0;0.45;0.0;0.0;0.45;3.5;0.0;0.45;0.0;6.0;7.5;0.0;1.5;7.0;0.0;0.95;0.0;0.0;0.0;15;0.45;0.45;1.5;2.0;0.0
437781;0;368640;1;-5.5;0.0;9.4;n/a;n/a;n/a;25;18;3.8;2295.893066;0;0.0;0.0;0.0;28;0.0;25840.673828;0;0.0;0.0;0.0;0.0;1.4;905328;1837540;16;1.0;19;0.50;0.0;0.0;0.0;0.0;0.50;0.0;0.0;1.5;2.0;2.0;0.50;4.0;0.50;0.50;0.0;6.0;8.0;0.0;2.0;6.5;0.50;1.00;0.50;0.50;0.50;14;0.50;0.0;1.00;1.00;1.00
439780;0;368640;1;-5.4;0.0;-2.4;n/a;n/a;n/a;25;18;4.0;2294.757568;0;0.0;0.0;0.0;28;3.0;12913.946289;0;0.0;0.0;0.0;0.0;1.4;905328;1837540;16;0.98;19;1.00;0.0;0.0;0.0;0.0;4.5;0.0;0.0;0.50;1.00;0.0;0.50;3.5;0.50;1.00;0.0;6.0;7.5;0.50;0.0;0.0;4.5;1.00;0.0;0.50;0.0;15;0.50;0.0;1.00;1.5;1.00
441779;0;368640;1;-5.4;0.0;0.46;n/a;n/a;n/a;25;18;3.4;2291.357910;0;0.0;0.0;0.0;28;3.0;17193.085938;0;0.0;0.0;0.0;0.0;1.4;905328;1837540;16;1.0;19;0.45;0.0;0.0;0.0;0.0;7.0;0.0;0.0;0.45;0.45;0.45;0.0;3.0;0.0;0.0;0.45;6.0;7.5;0.0;0.0;0.0;2.0;0.45;0.0;0.0;0.45;15;0.45;0.45;0.95;0.95;1.5
443778;0;368640;1;-5.5;0.0;12;n/a;n/a;n/a;25;18;3.8;2293.623291;0;0.0;0.0;0.0;28;3.0;19361.343750;0;0.0;0.0;0.0;0.0;1.4;905328;1837540;16;1.5;19;1.00;0.0;0.0;0.0;0.0;5.0;3.0;0.0;1.00;1.00;9.0;0.50;6.0;0.50;1.5;0.0;9.0;10;0.0;0.50;0.50;3.0;5.5;0.0;1.00;1.5;12;1.5;0.50;1.5;1.5;0.0
445777;0;368640;1;-5.6;0.0;0.48;n/a;n/a;n/a;25;18;3.4;2285.714355;0;0.0;0.0;0.0;28;0.0;21438.423828;0;0.0;0.0;0.0;0.0;1.4;905328;1837540;16;1.0;19;0.50;0.0;0.0;0.0;0.0;0.0;2.0;0.0;0.50;1.00;0.0;0.50;4.5;0.0;0.50;0.0;6.0;7.5;0.0;0.0;0.0;0.0;7.5;0.50;0.50;0.50;15;0.50;0.0;1.00;1.00;0.0
447776;0;368640;1;-5.5;0.0;8.8;n/a;n/a;n/a;25;18;4.0;2287.968506;0;0.0;0.0;0.0;28;3.0;15021.696289;0;0.0;0.0;0.0;0.0;1.4;905328;1837540;16;1.0;19;0.45;6.5;0.0;0.0;0.0;0.0;2.0;0.0;0.95;0.45;0.0;0.45;5.0;0.45;0.45;0.45;6.0;1.5;0.0;0.0;0.0;0.0;7.0;0.95;0.0;0.45;15;0.0;0.45;0.95;0.95;0.0
449775;0;368640;1;-5.5;0.0;1.6;n/a;n/a;n/a;25;18;3.6;2290.227051;0;0.0;0.0;0.0;28;3.0;17184.599609;0;0.0;0.0;0.0;0.0;1.4;905328;1837540;16;1.0;19;0.45;7.5;0.0;0.0;0.0;0.0;5.0;0.0;1.5;0.95;0.45;0.95;3.5;0.45;1.5;0.0;6.5;0.0;0.45;0.0;0.45;0.0;4.5;0.95;0.45;0.45;15;0.45;0.45;0.95;1.5;0.45
451774;0;368640;1;-5.5;0.0;7.1;n/a;n/a;n/a;25;18;4.2;2286.840820;0;0.0;0.0;0.0;28;0.0;21448.990234;0;0.0;0.0;0.0;0.0;1.4;905328;1837540;16;1.0;19;0.50;7.5;0.0;0.0;0.0;0.0;7.0;0.0;0.50;0.0;0.50;0.50;3.5;0.0;1.00;0.0;5.5;0.0;0.0;0.0;0.0;0.0;2.0;0.50;0.50;0.50;15;0.50;0.0;1.00;1.5;0.0
453773;0;368640;1;-5.5;0.0;3.8;n/a;n/a;n/a;25;18;3.8;2286.840820;0;0.0;0.0;0.0;28;3.0;15014.292969;0;0.0;0.0;0.0;0.0;1.4;905328;1837540;16;1.0;19;0.45;4.5;0.0;0.0;0.0;0.0;7.5;0.0;2.5;0.95;0.95;0.95;4.0;0.45;0.45;0.45;6.5;3.0;0.0;0.0;0.0;0.0;2.5;0.45;0.45;2.0;15;0.45;0.45;1.5;1.5;0.45
455772;0;368640;1;-5.6;0.0;13;n/a;n/a;n/a;25;18;3.2;2292.490234;20;0.0;0.0;0.0;28;3.0;17201.580078;0;0.0;0.0;0.0;0.0;1.4;905328;1837540;16;1.0;19;0.50;0.0;0.0;0.0;0.0;0.0;7.0;0.0;0.50;1.00;14;0.50;3.5;0.50;1.00;0.50;6.0;7.5;0.0;0.0;0.0;0.0;2.0;1.00;1.00;0.50;1.00;0.0;0.50;1.00;1.00;0.0
457771;0;368640;1;-5.4;0.0;1.5;n/a;n/a;n/a;25;18;3.6;2297.029785;0;0.0;0.0;0.0;28;3.0;17235.644531;0;0.0;0.0;0.0;0.0;1.4;905328;1837540;16;1.0;19;0.95;0.0;0.0;0.0;0.0;0.0;7.0;0.0;0.95;0.45;15;0.45;3.5;0.0;0.45;0.45;5.5;7.5;0.0;0.0;0.0;0.0;2.0;0.95;0.45;0.95;0.45;0.45;0.45;0.95;0.95;0.0
459770;0;368640;1;-5.2;0.0;1.6;n/a;n/a;n/a;25;18;4.4;2293.623291;0;0.0;0.0;0.0;28;3.0;19361.343750;0;0.0;0.0;0.0;0.0;1.4;905328;1837540;16;1.0;19;0.95;6.5;0.45;0.0;0.0;0.45;7.5;0.45;0.45;0.95;2.0;0.45;3.5;0.45;0.95;0.95;6.5;0.95;0.0;0.0;0.0;0.0;2.5;1.5;2.0;0.95;13;0.95;0.45;1.5;1.5;0.0
461769;0;368640;1;-5.3;0.0;-0.24;n/a;n/a;n/a;25;18;3.8;2292.490234;0;0.0;0.0;0.0;28;3.0;19351.779297;0;0.0;0.0;0.0;0.0;1.4;905328;1837540;16;1.2;19;0.45;8.5;0.0;0.0;0.0;0.0;8.5;0.0;0.45;0.0;0.0;0.45;4.0;0.0;0.45;1.5;6.5;0.0;0.0;0.45;0.0;0.0;2.5;0.0;0.45;0.45;18;0.0;0.45;0.95;0.95;0.0
463768;0;368640;1;-5.3;0.0;3.6;n/a;n/a;n/a;25;18;4.0;2289.097168;0;0.0;0.0;0.0;28;3.0;21470.152344;0;0.0;0.0;0.0;0.0;1.4;905328;1837540;16;1.0;19;6.5;5.0;0.0;0.0;0.0;0.0;5.0;0.0;2.0;1.00;1.00;0.50;4.0;0.0;0.50;0.50;0.0;2.5;0.0;0.0;0.0;0.0;3.5;1.5;0.50;1.5;15;0.50;0.50;1.5;1.00;0.50
465767;0;368640;1;-5.3;0.0;-0.72;n/a;n/a;n/a;25;18;5.0;2292.490234;0;0.0;0.0;0.0;28;3.0;19351.779297;0;0.0;0.0;0.0;0.0;1.4;905328;1837540;16;1.0;19;6.5;0.0;0.0;0.0;0.0;0.0;0.0;0.0;0.50;0.0;8.5;0.0;3.0;0.0;0.50;0.50;0.50;7.5;0.0;0.0;0.0;0.0;7.0;3.0;0.50;0.0;6.5;0.0;0.0;1.00;1.5;0.50
467766;0;368640;1;-5.4;0.0;2.0;n/a;n/a;n/a;25;18;4.4;2298.167480;0;0.0;0.0;0.0;28;3.0;17244.179688;0;0.0;0.0;0.0;0.0;1.4;905328;1837540;16;1.0;19;6.5;0.0;0.0;0.0;0.0;0.0;0.0;6.0;0.45;0.95;12;0.45;4.0;0.45;0.45;0.0;0.0;7.5;0.0;0.0;0.0;0.0;3.0;2.0;0.45;0.95;3.0;0.95;0.45;0.95;0.95;0.45
469765;0;368640;1;-5.4;0.0;-1.1;n/a;n/a;n/a;25;18;3.6;2292.490234;0;0.0;0.0;0.0;28;3.0;19351.779297;0;0.0;0.0;0.0;0.0;1.4;905328;1837540;16;1.0;19;6.5;0.0;0.0;0.0;0.0;0.0;0.0;7.0;0.95;1.5;15;1.5;3.5;0.0;0.45;0.95;0.0;8.0;0.0;0.0;0.0;0.0;0.95;2.5;0.95;0.45;0.45;0.45;0.45;1.5;1.5;0.0
471764;0;368640;1;-5.5;0.0;-10;n/a;n/a;n/a;25;18;4.3;1145.113525;0;0.0;0.0;0.0;28;90;15036.525391;0;0.0;0.0;0.0;0.0;1.4;905328;1837540;16;0.98;19;6.5;0.0;0.0;0.0;0.0;0.0;0.0;7.0;0.50;0.0;8.5;0.0;3.5;0.0;0.0;1.00;0.0;7.0;0.0;0.0;0.0;0.0;0.0;2.0;0.50;0.50;6.5;0.0;0.50;1.5;1.5;0.0
473763;0;368640;1;-5.5;0.0;-4.6;n/a;n/a;n/a;25;18;4.0;2289.097168;0;0.0;0.0;0.0;28;90;17176.123047;0;0.0;0.0;0.0;0.0;1.4;905328;1837540;16;1.0;19;6.5;0.0;0.0;0.0;0.45;0.0;0.0;7.5;0.95;1.5;4.0;0.45;3.5;0.45;0.45;1.5;0.0;8.0;0.0;0.0;0.0;0.0;0.95;2.0;0.45;0.95;11;0.45;0.95;0.95;0.95;0.0
475762;0;368640;1;-5.5;0.0;2.0;n/a;n/a;n/a;25;18;3.8;2292.490234;0;0.0;0.0;0.0;28;90;17201.580078;0;0.0;0.0;0.0;0.0;1.4;905328;1837540;16;1.0;19;6.5;0.0;0.0;0.0;0.0;0.0;0.0;7.0;0.0;0.0;0.0;0.50;3.5;0.0;0.50;1.00;0.0;7.5;0.0;0.0;0.0;0.0;0.50;2.0;0.50;0.0;15;0.50;0.50;1.00;1.00;0.0
477761;0;368640;1;-5.5;0.0;-1.2;n/a;n/a;n/a;25;18;6.6;2292.490234;0;0.0;0.0;0.0;28;90;17201.580078;0;0.0;0.0;0.0;0.0;1.4;905328;1837540;16;0.98;19;6.5;0.0;0.45;0.45;0.0;0.0;0.0;7.0;0.45;0.95;0.0;0.95;4.0;0.0;0.45;0.45;0.0;7.5;0.0;0.0;0.0;0.0;1.5;2.0;0.45;0.45;15;0.45;0.0;1.5;1.5;0.45
479760;0;368640;1;-5.5;0.0;2.2;n/a;n/a;n/a;25;18;4.0;2294.757568;0;0.0;0.0;0.0;28;90;17218.595703;0;0.0;0.0;0.0;0.0;1.4;905328;1837540;16;1.0;19;6.5;0.0;0.0;0.0;0.0;0.0;0.0;7.0;1.00;1.00;13;1.00;4.0;1.00;0.50;0.0;0.0;7.5;0.50;0.0;0.0;0.0;0.50;2.5;0.50;1.5;2.0;0.50;0.50;1.5;1.00;0.0
481759;0;368640;1;-5.6;0.0;0.58;n/a;n/a;n/a;25;18;3.8;2290.227051;0;0.0;0.0;0.0;28;90;19332.675781;0;0.0;0.0;0.0;0.0;1.4;905328;1837540;16;1.0;19;6.5;3.5;0.0;0.0;0.0;0.0;0.0;7.5;0.0;0.45;15;0.0;3.5;0.45;0.45;0.0;0.0;4.5;0.0;0.0;0.45;0.45;0.95;2.0;0.45;0.45;0.0;0.0;0.45;0.95;0.95;0.0
483758;0;368640;1;-5.5;0.0;7.4;n/a;n/a;n/a;25;18;3.8;2290.227051;0;0.0;0.0;0.0;28;90;17184.599609;0;0.0;0.0;0.0;0.0;1.4;905328;1837540;16;1.0;19;6.5;7.5;0.0;0.0;0.0;0.0;0.0;7.5;1.5;1.5;15;1.00;4.0;0.50;0.50;0.50;0.50;0.0;0.0;0.0;0.0;0.0;1.00;2.0;1.5;0.50;0.50;1.00;0.0;1.00;1.5;0.0
485757;0;368640;1;-5.5;0.0;-0.56;n/a;n/a;n/a;25;18;3.8;2293.623291;0;0.0;0.0;0.0;28;90;17210.083984;0;0.0;0.0;0.0;0.0;1.4;905328;1837540;16;1.0;19;6.5;7.5;0.0;0.0;0.0;0.0;0.0;7.0;0.0;0.45;15;0.0;4.0;0.0;0.45;0.0;0.0;0.0;0.0;0.0;0.0;0.0;0.45;2.0;0.45;0.45;0.0;0.0;0.0;0.95;0.95;0.0
487756;0;368640;1;-5.5;0.0;-1.7;n/a;n/a;n/a;25;18;4.0;2295.893066;0;0.0;0.0;0.0;28;90;17227.115234;0;0.0;0.0;0.0;0.0;1.4;905328;1837540;16;1.0;19;6.5;7.5;0.0;0.0;0.45;0.0;0.0;3.0;0.45;0.45;3.0;0.45;4.0;0.45;0.45;0.0;0.0;0.0;0.0;0.0;0.0;0.0;0.95;6.5;0.0;0.45;12;0.45;0.45;0.95;2.0;0.45
489755;0;368640;1;-5.5;0.0;-4.4;n/a;n/a;n/a;25;18;4.6;2282.341309;0;0.0;0.0;0.0;28;90;21406.787109;0;0.0;0.0;0.0;0.0;1.4;905328;1837540;16;1.0;19;7.0;7.5;1.00;0.0;0.0;0.50;0.50;2.0;2.0;2.0;13;1.00;4.0;0.50;1.00;1.00;0.0;0.0;0.0;0.50;0.0;0.0;1.00;7.0;1.00;0.50;3.0;1.00;1.00;2.5;2.0;0.50
491754;0;368640;1;-5.5;0.0;1.0;n/a;n/a;n/a;25;18;3.4;2299.306152;0;0.0;0.0;0.0;28;0.0;17252.724609;0;0.0;0.0;0.0;0.0;1.4;905328;1837540;16;1.0;19;6.0;7.5;0.0;0.0;0.0;0.0;0.0;2.0;0.0;0.50;0.50;0.0;3.5;0.0;0.0;0.0;0.50;0.0;0.0;0.0;0.0;0.0;0.50;7.0;0.50;0.50;15;0.0;0.0;1.00;1.00;0.50
493753;0;368640;1;-5.5;0.0;7.3;n/a;n/a;n/a;25;18;3.2;2292.490234;0;0.0;0.0;0.0;28;0.0;17201.580078;0;0.0;0.0;0.0;0.0;1.4;905328;1837540;16;1.0;19;7.0;8.0;0.0;0.45;0.0;0.0;0.0;2.5;0.95;0.95;2.5;0.95;4.0;0.45;0.95;0.45;0.0;0.45;0.45;0.0;0.0;0.0;0.95;7.5;0.45;1.5;14;0.45;0.45;0.95;1.5;0.95
495752;0;368640;1;-5.5;0.0;2.0;n/a;n/a;n/a;25;18;3.6;2293.623291;0;0.0;0.0;0.0;28;0.0;19361.343750;0;0.0;0.0;0.0;0.0;1.4;905328;1837540;16;1.0;19;6.0;7.0;0.0;0.0;0.0;0.0;0.0;7.0;0.50;0.50;0.0;0.50;3.5;1.00;0.0;0.0;0.0;0.0;0.0;0.0;0.0;0.0;0.50;2.0;0.0;0.0;15;0.50;0.50;1.00;1.5;0.0
497751;0;368640;1;-5.5;0.0;-2.1;n/a;n/a;n/a;25;18;4.8;2290.227051;0;0.0;0.0;0.0;28;0.0;17184.599609;0;0.0;0.0;0.0;0.0;1.4;905328;1837540;16;1.0;19;6.5;8.0;0.0;0.0;0.0;0.0;0.0;7.5;0.45;0.95;12;0.0;3.5;0.45;0.45;0.95;0.0;0.0;0.0;0.0;0.45;0.0;1.5;2.0;0.45;0.45;2.5;0.45;0.45;1.5;0.95;0.0
499750;0;368640;1;-5.5;0.0;6.2;n/a;n/a;n/a;25;18;3.4;2291.357910;0;0.0;0.0;0.0;28;0.0;23640.494141;0;0.0;0.0;0.0;0.0;1.4;905328;1837540;16;1.0;19;7.0;8.0;0.0;0.0;0.0;0.0;0.0;4.5;1.00;1.00;15;0.50;4.0;1.00;1.00;1.00;0.0;0.0;0.0;0.0;0.0;0.50;0.0;4.5;2.0;1.00;0.50;0.50;0.0;1.00;1.00;0.0
501749;0;368640;1;-5.5;0.0;8.0;n/a;n/a;n/a;25;18;4.2;2294.757568;0;0.0;0.0;0.0;28;0.0;17218.595703;0;0.0;0.0;0.0;0.0;1.4;905328;1837540;16;1.0;19;6.0;8.0;0.0;0.0;0.0;0.0;0.0;2.0;0.0;0.45;15;0.45;3.5;0.0;0.0;0.95;0.0;0.0;0.0;0.0;0.0;0.0;0.0;7.0;0.45;0.0;0.0;0.45;0.0;0.95;0.95;0.0
503748;0;368640;1;-5.5;0.0;-2.4;n/a;n/a;n/a;25;18;3.6;2295.893066;0;0.0;0.0;0.0;28;0.0;17227.115234;0;0.0;0.0;0.0;0.0;1.4;905328;1837540;16;1.0;19;6.5;8.0;0.0;0.0;0.0;0.0;0.0;2.0;0.95;0.95;15;0.45;3.5;0.0;0.95;0.45;0.0;0.0;0.0;0.0;0.0;0.0;0.0;7.5;0.45;0.45;0.45;0.0;0.45;1.5;1.5;0.95
505747;0;368640;1;-5.6;0.0;3.0;n/a;n/a;n/a;25;18;3.8;2286.840820;0;0.0;0.0;0.0;28;0.0;19304.089844;0;0.0;0.0;0.0;0.0;1.4;905328;1837540;16;1.0;19;6.5;7.5;0.0;0.0;0.0;0.0;0.0;7.5;1.5;0.50;8.5;0.0;4.0;0.50;0.50;0.0;0.0;0.0;0.0;0.0;0.0;0.0;0.0;2.0;0.0;1.00;7.5;0.50;1.00;1.00;1.5;0.0
507746;0;368640;1;-5.6;0.0;9.2;n/a;n/a;n/a;25;18;3.8;2291.357910;0;0.0;0.0;0.0;28;0.0;19342.222656;0;0.0;0.0;0.0;0.0;1.4;905328;1837540;16;1.0;19;7.0;7.5;0.0;0.0;0.0;0.0;0.0;7.5;0.95;0.95;15;0.45;4.0;0.45;1.5;0.0;0.95;0.0;0.0;0.0;0.0;0.0;0.0;2.0;0.45;0.95;0.0;0.0;0.45;1.5;1.5;0.0
509745;0;368640;1;-5.6;0.0;-1.9;n/a;n/a;n/a;25;18;4.4;2291.357910;0;0.0;0.0;0.0;28;0.0;17193.085938;0;0.0;0.0;0.0;0.0;1.4;905328;1837540;16;1.0;19;6.5;7.5;0.50;0.0;0.50;0.50;0.0;7.0;0.50;0.50;5.5;1.00;4.0;1.00;0.50;0.50;0.50;0.0;0.0;0.0;0.0;0.0;0.0;2.5;0.50;2.5;11;0.50;0.50;1.00;1.00;0.50
511744;0;368640;1;-5.5;0.0;2.6;n/a;n/a;n/a;25;18;4.2;2290.227051;0;0.0;0.0;0.0;28;0.0;17184.599609;0;0.0;0.0;0.0;0.0;1.4;905328;1837540;16;1.0;19;6.5;7.5;0.0;0.0;0.0;0.0;0.0;7.0;0.0;0.45;3.0;0.0;3.5;0.45;0.95;0.0;0.45;0.0;0.0;0.0;0.0;0.0;0.0;2.0;0.45;0.0;12;0.45;0.0;0.95;0.95;0.0
513743;0;368640;1;-5.5;0.0;-3.4;n/a;n/a;n/a;25;18;3.8;2291.357910;0;0.0;0.0;0.0;28;0.0;17193.085938;0;0.0;0.0;0.0;0.0;1.4;905328;1837540;16;1.0;19;6.0;7.5;0.0;0.0;0.0;0.0;0.0;7.0;0.95;0.0;0.45;0.0;3.5;0.95;0.45;0.0;0.95;0.0;0.0;0.0;0.0;0.0;0.0;2.0;0.0;0.45;15;0.45;0.45;0.95;1.5;0.0
515742;0;368640;1;-5.7;0.0;-5.5;n/a;n/a;n/a;25;18;3.8;2287.968506;20;0.0;0.0;0.0;28;0.0;17167.652344;0;0.0;0.0;0.0;0.0;1.4;905328;1837540;16;1.0;19;7.0;1.00;0.0;0.0;0.0;0.0;0.0;0.0;0.50;0.50;1.5;1.00;4.0;0.50;0.50;0.50;2.0;7.0;0.0;0.0;0.0;0.0;0.0;7.5;1.5;1.00;14;0.0;0.50;1.00;1.5;0.50
517741;0;368640;1;-5.6;0.0;1.7;n/a;n/a;n/a;25;18;5.0;2292.490234;0;0.0;0.0;0.0;28;0.0;17201.580078;0;0.0;0.0;0.0;0.0;1.4;905328;1837540;16;1.0;19;6.5;0.0;0.0;0.50;0.0;0.0;0.0;1.00;0.50;0.50;1.00;0.0;4.0;0.50;2.0;0.0;2.0;7.5;0.0;0.50;0.0;0.0;0.0;6.5;0.50;1.00;14;0.50;1.00;1.5;1.00;0.0
519740;0;368640;1;-5.6;0.0;-3.6;n/a;n/a;n/a;25;18;3.8;2291.357910;0;0.0;0.0;0.0;28;0.0;19342.222656;0;0.0;0.0;0.0;0.0;1.4;905328;1837540;16;1.0;19;6.5;0.0;0.0;0.0;0.0;0.0;0.0;3.0;0.45;0.95;3.0;0.95;3.5;0.45;1.5;0.45;2.0;7.5;0.0;0.0;0.0;0.0;0.0;4.0;2.5;2.5;13;0.45;0.45;0.95;1.5;0.45
521739;0;368640;1;-5.5;0.0;-1.7;n/a;n/a;n/a;25;18;6.0;2293.623291;0;0.0;0.0;0.0;28;0.0;17210.083984;0;0.0;0.0;0.0;0.0;1.4;905328;1837540;16;1.0;19;6.5;0.0;0.0;0.0;0.0;0.0;0.0;7.0;0.50;0.50;3.5;0.0;3.5;0.0;1.00;0.0;2.0;7.5;0.0;0.0;0.0;0.0;0.0;0.0;0.0;1.00;11;0.0;0.50;1.00;1.00;0.0
523738;0;368640;1;-5.4;0.0;5.2;n/a;n/a;n/a;25;18;4.2;2292.490234;0;0.0;0.0;0.0;28;0.0;17201.580078;0;0.0;0.0;0.0;0.0;1.4;905328;1837540;16;1.0;19;6.5;0.0;0.0;0.0;0.0;0.0;0.0;7.0;0.0;0.0;15;0.0;3.5;0.50;1.5;0.50;2.5;7.5;0.0;0.0;0.0;0.0;0.0;0.0;0.0;1.5;0.50;0.50;0.50;1.00;1.00;0.50
525737;0;368640;1;-5.6;0.0;7.0;n/a;n/a;n/a;25;18;4.4;2287.968506;0;0.0;0.0;0.0;28;0.0;19313.609375;0;0.0;0.0;0.0;0.0;1.4;905328;1837540;16;1.0;19;6.5;0.0;0.0;0.0;0.50;0.0;0.0;7.5;0.50;1.5;2.0;0.50;3.5;0.0;0.50;0.0;2.0;7.5;0.0;0.0;0.0;0.0;0.0;0.0;2.0;1.00;13;1.5;0.50;1.5;1.00;0.0
527736;0;368640;1;-5.5;0.0;12;n/a;n/a;n/a;25;18;4.6;2287.968506;0;0.0;0.0;0.0;28;0.0;17167.652344;0;0.0;0.0;0.0;0.0;1.4;905328;1837540;16;1.0;19;6.5;0.0;0.0;0.0;0.0;0.0;0.0;7.0;0.50;1.00;12;0.50;4.0;0.0;0.50;0.50;2.5;8.0;0.50;0.0;0.0;0.0;0.0;0.0;0.0;1.00;2.5;2.0;0.0;1.00;1.00;0.0
529735;0;368640;1;-5.5;0.0;7.3;n/a;n/a;n/a;25;18;4.2;2291.357910;0;0.0;0.0;0.0;28;0.0;17193.085938;0;0.0;0.0;0.0;0.0;1.4;905328;1837540;16;1.0;19;6.0;0.0;0.0;0.0;0.0;0.0;0.0;5.5;2.0;2.0;14;0.95;4.0;0.45;0.45;0.0;2.0;7.5;0.0;0.0;0.0;0.0;0.0;2.0;0.45;1.5;1.5;0.45;0.45;1.5;1.5;0.95
531734;0;368640;1;-5.4;0.0;3.9;n/a;n/a;n/a;25;18;4.6;2287.968506;0;0.0;0.0;0.0;28;0.0;15021.696289;0;0.0;0.0;0.0;0.0;1.4;905328;1837540;16;1.0;19;6.5;0.0;0.0;0.0;0.0;0.0;0.0;0.0;0.45;0.45;0.45;0.45;3.5;0.0;0.45;0.0;2.0;7.5;0.0;0.0;0.0;0.0;0.0;7.0;0.0;0.95;15;0.0;0.0;0.95;0.95;0.0
533733;0;368640;1;-5.5;0.0;0.18;n/a;n/a;n/a;25;18;5.0;2297.029785;0;0.0;0.0;0.0;28;0.0;21544.554688;0;0.0;0.0;0.0;0.0;1.4;905328;1837540;16;1.0;19;6.5;0.0;0.50;0.0;0.0;0.0;0.50;0.0;0.0;0.50;0.50;0.50;3.5;0.50;0.50;0.50;2.5;7.5;0.0;0.0;0.0;0.0;0.0;7.0;0.50;1.00;15;0.0;0.0;1.00;1.00;0.0
535732;0;368640;1;-5.4;0.0;2.8;n/a;n/a;n/a;25;18;3.6;2290.227051;0;0.0;0.0;0.0;28;0.0;17184.599609;0;0.0;0.0;0.0;0.0;1.4;905328;1837540;16;1.0;19;7.0;0.0;0.0;0.0;0.0;0.0;0.0;7.0;0.95;2.0;0.95;0.45;4.0;0.0;0.45;0.95;2.0;7.5;0.0;0.0;0.0;0.0;0.0;0.45;0.45;0.95;14;0.95;0.45;1.5;0.95;0.45
537731;0;368640;1;-5.5;0.0;0.18;n/a;n/a;n/a;25;18;3.8;2289.097168;0;0.0;0.0;0.0;28;0.0;17176.123047;0;0.0;0.0;0.0;0.0;1.4;905328;1837540;16;1.0;19;6.5;0.0;0.0;0.0;0.0;0.0;0.0;7.0;1.00;0.50;12;0.50;3.5;0.0;0.50;1.5;2.5;7.5;0.0;0.0;0.0;0.0;0.50;0.0;0.0;2.5;3.0;1.00;0.50;1.00;1.5;0.0
539730;0;368640;1;-5.5;0.0;2.3;n/a;n/a;n/a;25;18;3.6;2291.357910;0;0.0;0.0;0.0;28;0.0;19342.222656;0;0.0;0.0;0.0;0.0;1.4;905328;1837540;16;1.0;19;6.5;0.0;0.0;0.0;0.0;0.0;0.0;6.0;0.45;1.5;15;0.95;3.5;0.95;0.95;0.45;2.5;7.5;0.0;0.0;0.0;0.0;0.0;0.95;0.45;0.95;0.45;0.45;0.45;1.5;1.5;0.45
541729;0;368640;1;-5.5;0.0;-1.3;n/a;n/a;n/a;25;18;4.8;2285.714355;0;0.0;0.0;0.0;28;0.0;17150.738281;0;0.0;0.0;0.0;0.0;1.4;905328;1837540;16;1.0;19;6.5;0.0;0.0;0.0;0.0;0.0;0.0;0.0;0.50;0.50;15;0.0;3.5;0.50;0.50;1.00;2.0;7.5;0.0;0.0;0.0;0.0;0.0;7.0;0.50;0.50;0.0;0.0;0.50;1.00;1.00;0.0
543728;0;368640;1;-5.5;0.0;-3.2;n/a;n/a;n/a;25;18;3.6;2286.840820;0;0.0;0.0;0.0;28;0.0;17159.191406;0;0.0;0.0;0.0;0.0;1.4;905328;1837540;16;1.0;19;6.0;0.0;0.0;0.0;0.0;0.0;0.0;0.0;0.45;0.0;15;0.45;3.5;0.45;0.45;0.45;2.5;7.5;0.45;0.0;0.0;0.0;0.0;7.0;0.0;0.95;0.45;0.45;0.0;0.95;0.95;0.0
545727;0;368640;1;-5.6;0.0;3.5;n/a;n/a;n/a;25;18;4.0;2290.227051;0;0.0;0.0;0.0;28;0.0;19332.675781;0;0.0;0.0;0.0;0.0;1.4;905328;1837540;16;0.97;19;7.0;2.5;0.0;0.0;0.0;0.50;0.0;0.0;0.50;1.00;0.0;0.50;4.0;0.50;0.50;0.50;7.0;6.5;0.0;0.0;0.0;0.0;0.0;0.0;1.00;2.0;15;1.00;1.00;1.5;1.5;0.0
547726;0;368640;1;-5.7;0.0;12;n/a;n/a;n/a;25;18;3.4;2292.490234;20;0.0;0.0;0.0;28;0.0;23652.173828;0;0.0;0.0;0.0;0.0;1.4;905328;1837540;16;0.97;19;6.5;2.0;0.0;0.0;0.0;0.0;0.0;0.0;0.45;0.95;0.45;0.45;3.5;0.95;0.45;0.0;7.5;6.5;0.45;0.0;0.0;0.0;0.0;0.0;0.45;0.0;15;2.5;0.0;1.5;0.95;0.45
549725;0;368640;1;-5.7;0.0;-5.1;n/a;n/a;n/a;25;18;3.0;2287.968506;0;0.0;0.0;0.0;28;0.0;19313.609375;0;0.0;0.0;0.0;0.0;1.4;905328;1837540;16;1.0;19;7.0;2.0;0.0;0.0;0.0;0.0;0.0;0.0;1.5;1.00;2.5;0.50;4.0;0.50;0.50;1.00;7.5;6.0;0.0;0.50;0.50;0.0;0.0;0.0;0.0;2.0;13;1.00;0.50;1.00;1.00;0.50
551724;0;368640;1;-5.6;0.0;2.7;n/a;n/a;n/a;25;18;3.6;2290.227051;0;0.0;0.0;0.0;28;0.0;19332.675781;0;0.0;0.0;0.0;0.0;1.4;905328;1837540;16;0.95;19;6.0;2.5;0.0;0.0;0.0;0.0;0.0;0.0;0.45;0.45;7.5;0.45;3.0;0.0;0.45;0.95;7.0;6.5;0.0;0.0;0.0;0.0;0.0;0.0;0.45;0.45;7.5;0.45;0.0;0.95;0.95;0.0
553723;0;368640;1;-5.6;0.0;0.90;n/a;n/a;n/a;25;18;4.8;2286.840820;0;0.0;0.0;0.0;28;0.0;17159.191406;0;0.0;0.0;0.0;0.0;1.4;905328;1837540;16;0.97;19;7.5;2.0;0.45;0.0;0.0;0.0;0.0;0.45;0.95;0.95;0.0;0.45;3.5;0.45;0.45;0.45;6.5;6.5;0.0;0.0;0.0;0.0;0.0;0.0;0.45;0.0;15;0.95;0.45;1.5;2.0;0.0
555722;0;368640;1;-5.5;0.0;-9.2;n/a;n/a;n/a;25;18;4.6;2276.741943;0;0.0;0.0;0.0;28;0.0;17083.416016;0;0.0;0.0;0.0;0.0;1.4;905328;1837540;16;0.98;19;7.0;2.0;0.50;0.50;0.50;0.0;0.0;0.0;0.0;0.50;2.5;1.00;4.0;0.50;1.00;0.0;7.0;6.0;0.0;0.0;0.0;0.0;0.0;0.0;2.0;1.00;13;0.50;0.0;1.00;1.5;1.00
557721;0;368640;1;-5.5;0.0;11;n/a;n/a;n/a;25;18;4.0;2287.968506;0;0.0;0.0;0.0;28;0.0;17167.652344;0;0.0;0.0;0.0;0.0;1.4;905328;1837540;16;0.97;19;8.0;2.0;0.45;0.0;0.0;0.0;0.0;0.0;0.95;0.45;8.0;0.45;4.0;0.45;0.45;0.45;6.0;6.5;0.0;0.0;0.0;0.0;0.0;0.0;0.45;0.45;7.0;1.5;0.95;0.95;0.95;0.0
559720;0;368640;1;-5.5;0.0;16;n/a;n/a;n/a;25;18;4.8;2294.757568;0;0.0;0.0;0.0;28;0.0;21523.244141;0;0.0;0.0;0.0;0.0;1.4;905328;1837540;16;0.97;19;7.0;2.5;0.0;0.0;0.0;0.0;0.0;0.0;1.00;1.00;1.5;1.00;4.0;0.50;0.50;1.00;6.5;6.5;0.0;0.0;0.0;0.0;0.0;0.0;2.0;1.00;15;1.5;0.0;1.5;1.5;0.0
561719;0;368640;1;-5.4;0.0;10;n/a;n/a;n/a;25;18;4.2;2291.357910;0;0.0;0.0;0.0;28;0.0;19342.222656;0;0.0;0.0;0.0;0.0;1.4;905328;1837540;16;1.0;19;6.5;2.0;0.0;0.0;0.0;0.0;0.0;0.0;0.50;0.50;0.0;0.0;3.0;0.0;0.50;1.00;7.5;6.5;0.0;0.0;0.0;0.0;0.0;0.0;0.0;0.0;15;0.50;0.50;1.00;1.00;0.50
563718;0;368640;1;-5.4;0.0;8.4;n/a;n/a;n/a;25;18;4.2;2292.490234;0;0.0;0.0;0.0;28;0.0;17201.580078;0;0.0;0.0;0.0;0.0;1.4;905328;1837540;16;0.97;19;6.5;2.0;0.45;0.0;0.0;0.0;0.0;0.0;0.45;0.45;0.0;0.0;4.0;0.0;0.45;1.5;7.0;6.0;0.0;0.0;0.0;0.0;0.0;0.0;0.45;0.45;15;0.95;0.0;0.95;0.95;0.0
565717;0;368640;1;-5.5;0.0;4.9;n/a;n/a;n/a;25;18;4.0;2291.357910;0;0.0;0.0;0.0;28;0.0;17193.085938;0;0.0;0.0;0.0;0.0;1.4;905328;1837540;16;0.98;19;6.5;2.5;0.0;0.0;0.50;0.0;0.0;0.0;1.00;1.00;14;0.50;3.5;0.50;0.50;0.0;7.5;6.5;0.0;0.0;0.0;0.50;0.0;0.0;0.0;1.00;1.00;0.50;0.50;1.00;1.5;0.50
567716;0;368640;1;-5.4;0.0;9.8;n/a;n/a;n/a;25;18;5.0;2292.490234;0;0.0;0.0;0.0;28;0.0;17201.580078;0;0.0;0.0;0.0;0.0;1.4;905328;1837540;16;0.95;19;6.5;2.0;0.0;0.45;0.0;0.0;0.0;0.0;0.95;0.45;3.0;0.45;3.5;0.45;0.45;0.45;7.5;6.5;0.0;0.0;0.0;0.0;0.0;0.0;0.95;0.95;12;2.0;0.0;0.95;0.95;0.0
569715;0;368640;1;-5.3;0.0;12;n/a;n/a;n/a;25;18;2.8;2289.097168;0;0.0;0.0;0.0;28;0.0;19323.136719;0;0.0;0.0;0.0;0.0;1.4;905328;1837540;16;0.98;19;7.0;2.0;0.45;0.0;0.0;0.0;0.0;0.0;0.45;0.45;0.0;0.45;3.5;0.0;0.45;0.0;6.0;6.0;0.0;0.0;0.0;0.0;0.0;0.45;1.5;0.95;15;0.0;0.45;0.95;0.95;0.0
571714;0;368640;1;-5.5;0.0;0.40;n/a;n/a;n/a;25;18;3.4;2289.097168;0;0.0;0.0;0.0;28;0.0;19323.136719;0;0.0;0.0;0.0;0.0;1.4;905328;1837540;16;0.98;19;6.5;7.5;0.50;0.0;0.0;0.0;0.0;0.0;1.5;0.50;1.00;0.50;3.5;0.50;0.50;0.50;0.0;6.5;0.0;2.0;0.0;0.0;0.0;0.0;1.5;1.00;15;0.50;0.0;1.00;1.5;0.0
573713;0;368640;1;-5.6;0.0;5.1;n/a;n/a;n/a;25;18;3.8;2289.097168;0;0.0;0.0;0.0;28;0.0;17176.123047;0;0.0;0.0;0.0;0.0;1.4;905328;1837540;16;0.97;19;6.5;7.5;0.0;0.0;0.0;0.0;0.0;0.0;0.50;1.00;13;0.0;3.5;0.0;0.50;0.0;0.0;6.5;0.50;2.0;0.0;0.0;0.0;0.0;0.50;1.00;1.5;1.00;0.50;1.5;1.00;0.50
575712;0;368640;1;-5.6;0.0;4.5;n/a;n/a;n/a;25;18;4.4;2293.623291;0;0.0;0.0;0.0;28;0.0;17210.083984;0;0.0;0.0;0.0;0.0;1.4;905328;1837540;16;0.97;19;6.0;7.0;3.5;0.0;0.0;0.0;0.0;0.0;0.45;0.95;4.0;0.95;4.0;0.45;0.45;0.0;0.0;3.5;0.0;2.0;0.0;0.0;0.0;0.0;0.45;1.5;11;1.5;0.45;1.5;0.95;0.0
577711;0;368640;1;-5.5;0.0;-0.56;n/a;n/a;n/a;25;18;4.0;2289.097168;0;0.0;0.0;0.0;28;0.0;17176.123047;0;0.0;0.0;0.0;0.0;1.4;905328;1837540;16;0.98;19;2.0;7.0;7.0;0.0;0.0;0.0;0.0;0.0;0.50;0.50;0.50;0.50;3.5;0.0;0.50;0.50;5.0;0.0;0.0;2.0;0.50;0.0;0.0;0.0;1.00;0.0;15;2.0;0.0;1.00;1.00;0.0
579710;0;368640;1;-5.5;0.0;-2.9;n/a;n/a;n/a;25;18;3.4;2299.306152;0;0.0;0.0;0.0;28;0.0;17252.724609;0;0.0;0.0;0.0;0.0;1.4;905328;1837540;16;0.98;19;0.45;7.0;7.0;0.95;0.0;0.0;0.0;0.0;0.45;0.95;0.45;0.45;4.0;0.45;0.45;0.0;6.0;0.0;0.0;0.95;0.0;0.0;0.0;0.0;0.45;0.45;15;2.0;0.0;0.95;0.95;0.45
581709;0;368640;1;-5.4;0.0;7.9;n/a;n/a;n/a;25;18;3.6;2286.840820;0;0.0;0.0;0.0;28;0.0;17159.191406;0;0.0;0.0;0.0;0.0;1.4;905328;1837540;16;0.97;19;6.0;6.5;0.95;0.0;1.5;0.0;0.0;0.0;0.95;0.95;0.0;0.45;4.0;0.95;1.5;0.45;0.95;0.0;6.0;0.0;0.45;0.0;0.0;0.0;0.45;0.45;15;0.45;0.45;0.95;1.5;0.0
583708;0;368640;1;-5.5;0.0;1.2;n/a;n/a;n/a;25;18;4.0;2293.623291;0;0.0;0.0;0.0;28;0.0;17210.083984;0;0.0;0.0;0.0;0.0;1.4;905328;1837540;16;0.97;19;6.0;7.0;0.50;0.50;2.5;0.50;0.50;0.0;1.00;0.50;2.0;0.50;4.0;0.50;0.50;0.50;0.50;0.50;7.5;0.50;0.0;0.50;0.50;0.0;1.00;1.5;15;0.50;0.50;1.5;1.5;0.0
585707;0;368640;1;-5.5;0.0;6.2;n/a;n/a;n/a;25;18;4.8;2289.097168;0;0.0;0.0;0.0;28;0.0;17176.123047;0;0.0;0.0;0.0;0.0;1.4;905328;1837540;16;0.95;19;6.5;6.5;7.5;0.0;2.0;0.0;0.0;0.0;0.45;2.0;15;0.45;4.0;0.0;0.95;0.0;0.0;0.0;0.45;0.0;0.0;0.0;0.0;0.0;0.95;0.45;0.45;1.5;0.0;1.5;0.95;0.0
587706;0;368640;1;-5.5;0.0;1.5;n/a;n/a;n/a;25;18;4.6;2290.227051;0;0.0;0.0;0.0;28;0.0;19332.675781;0;0.0;0.0;0.0;0.0;1.4;905328;1837540;16;0.95;19;6.0;6.5;1.00;0.0;1.5;0.0;0.0;0.0;1.00;0.50;15;0.50;3.0;0.50;0.50;0.50;0.0;0.0;0.0;5.5;0.0;0.0;0.0;0.50;0.50;0.50;0.50;1.5;0.50;1.00;1.5;0.50
589705;0;368640;1;-5.4;0.0;9.9;n/a;n/a;n/a;25;18;3.8;2299.306152;0;0.0;0.0;0.0;28;0.0;19409.316406;0;0.0;0.0;0.0;0.0;1.4;905328;1837540;16;0.97;19;6.0;6.5;0.45;0.0;2.0;0.0;0.0;0.0;0.95;0.45;15;0.45;4.0;0.45;0.45;0.95;0.0;0.0;0.0;7.0;0.45;0.0;0.0;0.0;1.5;0.0;0.0;1.5;0.0;0.95;0.95;0.45
591704;0;368640;1;-5.4;0.0;2.4;n/a;n/a;n/a;25;18;3.2;2294.757568;0;0.0;0.0;0.0;28;0.0;19370.919922;0;0.0;0.0;0.0;0.0;1.4;905328;1837540;16;0.97;19;6.5;2.0;0.0;5.5;2.5;0.0;0.0;0.0;0.0;0.50;15;0.50;3.5;0.0;0.50;0.50;0.0;5.5;0.0;2.0;0.0;0.0;0.0;0.0;1.00;1.5;1.00;0.50;0.50;1.5;1.5;0.0
593703;0;368640;1;-5.4;0.0;2.6;n/a;n/a;n/a;25;18;3.8;2291.357910;0;0.0;0.0;0.0;28;0.0;17193.085938;0;0.0;0.0;0.0;0.0;1.4;905328;1837540;16;0.95;19;6.0;0.0;0.0;0.50;1.5;0.0;0.0;0.0;0.50;0.50;15;0.50;3.5;0.50;0.50;0.0;0.0;6.0;0.0;6.5;0.0;0.50;0.0;0.0;1.00;0.50;1.00;1.00;0.50;1.00;1.00;0.0
595702;0;368640;1;-5.4;0.0;-0.77;n/a;n/a;n/a;25;18;4.0;2297.029785;0;0.0;0.0;0.0;28;0.0;17235.644531;0;0.0;0.0;0.0;0.0;1.4;905328;1837540;16;0.97;19;5.0;0.45;0.0;5.0;1.5;0.0;0.0;0.0;1.5;0.0;14;0.45;3.5;0.45;0.45;0.0;0.0;8.0;0.0;2.5;0.45;0.0;0.0;0.0;0.45;0.45;1.5;0.95;0.45;0.95;0.95;0.0
597701;0;368640;1;-5.4;0.0;-8.9;n/a;n/a;n/a;25;18;3.8;2287.968506;0;0.0;0.0;0.0;28;0.0;17167.652344;0;0.0;0.0;0.0;0.0;1.4;905328;1837540;16;0.95;19;0.50;0.0;0.0;6.0;0.0;0.0;0.0;0.0;0.50;0.50;3.0;0.50;4.0;0.0;0.50;0.50;0.0;12;0.0;1.00;2.0;0.0;0.0;0.0;0.50;1.00;12;1.00;0.50;1.5;1.5;0.50
599700;0;368640;1;-5.7;0.0;7.7;n/a;n/a;n/a;25;18;4.8;2285.714355;0;0.0;0.0;0.0;28;0.0;17150.738281;0;0.0;0.0;0.0;0.0;1.4;905328;1837540;16;0.94;19;1.00;0.0;0.0;7.0;0.50;0.0;0.0;0.0;0.50;0.50;14;0.0;3.5;0.50;0.50;0.0;0.0;12;0.0;0.0;2.0;0.0;0.0;0.0;0.0;1.5;1.5;1.00;0.0;1.00;1.00;0.0
601699;0;368640;1;-5.7;0.0;5.1;n/a;n/a;n/a;25;18;4.2;2287.968506;0;0.0;0.0;0.0;28;0.0;17167.652344;0;0.0;0.0;0.0;0.0;1.4;905328;1837540;16;0.95;19;0.95;0.0;0.0;7.0;0.0;0.0;0.0;0.0;0.45;0.95;6.5;0.45;4.0;0.45;0.45;0.0;0.0;12;0.0;0.0;2.0;0.0;0.45;0.0;2.0;0.95;9.5;0.45;0.95;0.95;1.5;0.0
603698;0;368640;1;-5.7;0.0;8.3;n/a;n/a;n/a;25;18;4.4;2293.623291;0;0.0;0.0;0.0;28;0.0;21512.605469;0;0.0;0.0;0.0;0.0;1.4;905328;1837540;16;0.97;19;0.50;0.0;0.0;7.0;0.0;0.0;0.0;0.0;0.50;1.00;0.0;0.50;3.5;0.50;0.50;0.50;0.0;12;0.0;0.0;1.5;0.50;0.0;0.0;0.0;1.00;15;0.50;0.0;1.5;1.5;0.0
605697;0;368640;1;-5.7;0.0;7.6;n/a;n/a;n/a;25;18;3.8;2291.357910;0;0.0;0.0;0.0;28;0.0;19342.222656;0;0.0;0.0;0.0;0.0;1.4;905328;1837540;16;0.95;19;0.95;0.0;0.0;7.0;0.0;0.0;0.45;0.0;0.95;0.95;15;0.45;4.0;0.0;0.45;0.0;0.0;12;0.0;0.0;2.5;0.0;0.0;0.0;0.45;0.95;0.45;0.95;0.45;0.95;2.0;0.45
607696;0;368640;1;-5.7;0.0;-1.3;n/a;n/a;n/a;25;18;4.4;2293.623291;0;0.0;0.0;0.0;28;0.0;19361.343750;0;0.0;0.0;0.0;0.0;1.4;905328;1837540;16;0.95;19;0.50;0.0;0.50;4.5;0.0;0.50;0.0;0.0;0.50;0.50;4.0;0.50;3.5;0.50;0.50;0.50;0.0;12;0.0;2.5;2.0;0.0;0.0;0.0;1.00;1.00;12;2.5;0.0;1.00;2.5;0.0
609695;0;368640;1;-5.7;0.0;0.41;n/a;n/a;n/a;25;18;4.8;2286.840820;0;0.0;0.0;0.0;28;0.0;17159.191406;0;0.0;0.0;0.0;0.0;1.4;905328;1837540;16;0.94;19;0.95;0.0;0.0;3.5;0.95;0.0;0.0;0.0;0.95;0.45;14;0.95;4.0;0.45;0.45;0.45;0.0;11;0.0;0.0;4.5;0.0;0.0;0.0;0.45;0.0;0.0;1.5;0.45;1.5;1.5;0.45
611694;0;368640;1;-5.7;0.0;2.0;n/a;n/a;n/a;25;18;3.8;2282.341309;0;0.0;0.0;0.0;28;0.0;17125.429688;0;0.0;0.0;0.0;0.0;1.4;905328;1837540;16;0.95;19;1.00;0.0;0.0;0.0;2.5;0.0;0.0;0.0;0.50;1.00;14;0.0;3.5;0.0;0.50;1.00;0.0;12;0.0;0.0;7.0;0.0;0.0;0.0;1.00;1.5;1.00;0.50;0.0;1.00;1.00;0.0
613693;0;368640;1;-5.6;0.0;8.8;n/a;n/a;n/a;25;18;3.8;2287.968506;0;0.0;0.0;0.0;28;0.0;17167.652344;0;0.0;0.0;0.0;0.0;1.4;905328;1837540;16;0.97;19;1.00;0.0;0.0;0.0;2.0;0.0;0.0;0.0;0.50;0.0;15;0.50;3.5;0.50;0.0;1.00;0.0;12;0.0;0.0;7.5;0.0;0.0;0.0;0.50;1.00;0.50;1.00;1.00;1.5;1.00;0.0
615692;0;368640;1;-5.6;0.0;8.4;n/a;n/a;n/a;25;18;3.6;2284.588867;0;0.0;0.0;0.0;28;0.0;17142.294922;0;0.0;0.0;0.0;0.0;1.4;905328;1837540;16;0.95;19;0.45;1.5;0.45;0.0;2.0;0.0;0.0;0.45;0.45;2.0;0.45;0.45;3.5;0.0;0.45;0.0;0.0;11;0.0;0.45;7.5;0.0;0.0;0.0;0.95;0.0;15;0.95;0.0;1.5;1.5;0.0
617691;0;368640;1;-5.6;0.0;1.4;n/a;n/a;n/a;25;18;3.6;2298.167480;0;0.0;0.0;0.0;28;0.0;17244.179688;0;0.0;0.0;0.0;0.0;1.4;905328;1837540;16;0.97;19;1.00;12;0.0;0.0;2.0;0.0;0.0;0.0;0.0;0.50;1.5;1.5;4.0;1.00;0.50;0.0;0.50;0.0;0.0;0.0;7.0;0.0;0.0;0.0;0.50;0.50;14;0.50;0.50;1.5;1.00;0.0
619690;0;368640;1;-5.6;0.0;12;n/a;n/a;n/a;25;18;3.8;2290.227051;0;0.0;0.0;0.0;28;0.0;21480.750000;0;0.0;0.0;0.0;0.0;1.4;905328;1837540;16;0.95;19;0.45;12;0.0;0.0;5.0;0.0;0.0;0.0;0.95;0.0;6.5;2.0;4.0;0.45;0.95;0.45;0.0;0.0;0.0;0.0;4.5;0.0;0.0;0.0;0.45;0.95;8.5;0.45;0.45;0.95;1.5;0.45
621689;0;368640;1;-5.4;0.0;14;n/a;n/a;n/a;25;18;3.8;2291.357910;0;0.0;0.0;0.0;28;0.0;19342.222656;0;0.0;0.0;0.0;0.0;1.4;905328;1837540;16;0.97;19;1.00;12;0.0;0.0;7.5;0.50;0.0;0.0;0.50;0.50;0.50;1.00;4.0;1.00;0.50;0.50;0.0;0.0;0.0;0.0;2.0;0.0;0.0;0.0;0.50;1.5;15;0.0;0.0;1.00;1.00;0.0
623688;0;368640;1;-5.4;0.0;-0.84;n/a;n/a;n/a;25;18;4.0;2286.840820;0;0.0;0.0;0.0;28;0.0;17159.191406;0;0.0;0.0;0.0;0.0;1.4;905328;1837540;16;0.97;19;0.50;12;0.0;0.50;6.5;0.0;0.0;0.0;0.50;0.50;0.0;1.00;4.0;1.00;0.50;0.50;0.0;0.0;0.0;0.0;2.0;0.0;0.0;0.0;1.00;0.0;15;0.50;0.50;1.00;1.00;0.0
625687;0;368640;1;-5.4;0.0;0.25;n/a;n/a;n/a;25;18;4.0;2285.714355;0;0.0;0.0;0.0;28;0.0;19294.582031;0;0.0;0.0;0.0;0.0;1.4;905328;1837540;16;0.95;19;0.95;12;0.0;0.0;2.5;0.0;0.0;0.0;1.5;0.45;0.95;0.45;4.5;0.45;0.45;0.0;0.0;0.0;0.45;0.0;7.5;0.0;0.0;0.0;0.0;0.45;15;0.95;0.95;0.95;0.95;0.0
627686;0;368640;1;-5.4;0.0;9.6;n/a;n/a;n/a;25;18;4.0;2284.588867;0;0.0;0.0;0.0;28;0.0;17142.294922;0;0.0;0.0;0.0;0.0;1.4;905328;1837540;16;0.97;19;1.00;12;0.0;0.0;2.0;0.0;0.0;0.0;0.50;1.00;15;0.50;3.5;0.50;1.00;0.50;0.0;0.0;0.0;0.0;7.0;0.50;0.50;0.0;0.50;0.50;0.0;1.00;0.50;1.5;1.5;0.0
629685;0;368640;1;-5.5;0.0;7.8;n/a;n/a;n/a;25;18;3.6;2294.757568;0;0.0;0.0;0.0;28;0.0;19370.919922;0;0.0;0.0;0.0;0.0;1.4;905328;1837540;16;0.97;19;0.95;9.0;0.0;0.0;2.0;0.0;0.0;0.0;0.0;2.0;15;0.45;3.5;0.45;2.0;0.0;0.0;3.0;0.0;0.0;7.0;0.0;0.0;0.45;0.45;0.0;0.0;0.95;0.0;0.95;1.5;0.0
631684;0;368640;1;-5.5;0.0;6.1;n/a;n/a;n/a;25;18;4.0;2290.227051;0;0.0;0.0;0.0;28;0.0;19332.675781;0;0.0;0.0;0.0;0.0;1.4;905328;1837540;16;0.97;19;0.50;6.0;0.0;0.0;4.5;0.0;0.0;0.0;0.50;1.00;8.0;0.0;3.5;0.0;0.50;0.50;0.0;6.0;0.0;0.0;5.0;0.0;0.0;0.0;1.00;0.50;8.0;0.50;0.50;1.5;1.5;0.50
633683;0;368640;1;-5.5;0.0;10;n/a;n/a;n/a;25;18;4.4;2294.757568;0;0.0;0.0;0.0;28;0.0;17218.595703;0;0.0;0.0;0.0;0.0;1.4;905328;1837540;16;0.97;19;1.00;6.5;0.0;0.0;7.0;0.0;0.0;0.0;0.50;1.5;0.0;0.50;3.5;0.0;0.50;0.0;0.0;5.5;0.0;0.0;2.0;0.0;0.0;0.0;0.50;0.50;15;0.50;0.50;1.00;1.5;0.0
635682;0;368640;1;-5.5;0.0;7.9;n/a;n/a;n/a;25;18;3.8;2289.097168;0;0.0;0.0;0.0;28;0.0;19323.136719;0;0.0;0.0;0.0;0.0;1.4;905328;1837540;16;0.95;19;1.00;6.0;0.0;0.0;7.0;0.0;0.0;0.0;0.50;0.50;0.50;0.0;3.5;0.50;0.0;0.0;0.0;6.0;0.0;0.0;2.0;0.0;0.0;0.0;0.0;0.0;15;1.00;0.50;1.00;2.0;0.0
637681;0;368640;1;-5.4;0.0;4.4;n/a;n/a;n/a;25;18;4.6;2292.490234;0;0.0;0.0;0.0;28;0.0;17201.580078;0;0.0;0.0;0.0;0.0;1.4;905328;1837540;16;0.97;19;0.45;6.0;0.45;0.0;2.5;0.0;0.45;0.0;1.5;2.0;0.95;0.45;4.0;0.45;0.45;0.45;0.0;6.0;0.0;0.0;7.5;0.0;0.0;0.0;0.45;0.95;14;0.45;0.45;1.5;1.5;0.45
639680;0;368640;1;-5.4;0.0;6.1;n/a;n/a;n/a;25;18;4.4;2292.490234;0;0.0;0.0;0.0;28;0.0;17201.580078;0;0.0;0.0;0.0;0.0;1.4;905328;1837540;16;0.97;19;1.00;6.5;0.0;0.50;5.0;0.50;0.0;0.50;1.00;2.5;0.50;1.00;3.5;0.50;1.00;0.50;0.0;6.0;0.0;0.0;4.5;0.50;0.50;0.0;1.00;0.50;15;0.50;1.00;1.5;1.00;0.0
641679;0;368640;1;-5.4;0.0;-6.2;n/a;n/a;n/a;25;18;4.0;2284.588867;0;0.0;0.0;0.0;28;0.0;14999.507812;0;0.0;0.0;0.0;0.0;1.4;905328;1837540;16;0.95;19;1.00;6.5;0.50;0.0;7.0;0.0;0.0;0.0;0.50;1.00;7.5;0.0;4.0;0.0;0.50;0.50;0.0;6.0;0.0;0.0;2.0;0.0;0.0;0.50;0.50;1.5;8.0;0.0;0.0;1.5;2.0;0.50
643678;0;368640;1;-5.5;0.0;12;n/a;n/a;n/a;25;18;4.2;2289.097168;0;0.0;0.0;0.0;28;0.0;19323.136719;0;0.0;0.0;0.0;0.0;1.4;905328;1837540;16;0.97;19;0.45;6.0;0.0;0.0;7.5;0.0;0.0;0.0;0.45;0.45;2.0;0.45;3.5;0.0;0.45;0.0;0.0;5.5;0.0;0.0;2.0;0.45;0.0;0.0;0.45;0.45;13;0.45;0.45;1.5;1.5;0.0
645677;0;368640;1;-5.5;0.0;0.52;n/a;n/a;n/a;25;18;3.4;2353.405762;33;0.0;0.0;0.0;28;0.0;15036.525391;0;0.0;0.0;0.0;0.0;1.4;905328;1837540;16;0.95;19;1.00;6.5;0.0;0.0;7.0;0.0;0.50;0.0;0.50;1.00;0.0;0.0;3.5;0.50;0.50;0.0;0.0;6.0;0.50;0.0;2.0;0.0;0.0;0.0;0.50;0.50;14;0.50;0.0;1.00;1.00;1.00
647676;0;368640;1;-5.5;0.0;1.1;n/a;n/a;n/a;25;18;4.2;2292.490234;0;0.0;0.0;0.0;28;0.0;17201.580078;0;0.0;0.0;0.0;0.0;1.4;905328;1837540;16;0.95;19;0.45;6.0;0.45;0.45;3.0;0.45;0.0;0.0;1.5;0.95;8.0;0.95;4.0;0.0;0.95;0.45;0.45;6.0;0.0;0.0;7.0;0.0;0.45;0.0;0.45;1.5;8.0;0.0;0.45;0.95;1.5;0.0
649675;0;368640;1;-5.5;0.0;6.3;n/a;n/a;n/a;25;18;4.4;2286.840820;0;0.0;0.0;0.0;28;0.0;19304.089844;0;0.0;0.0;0.0;0.0;1.4;905328;1837540;16;0.97;19;1.00;3.0;0.0;0.50;2.0;0.0;0.0;0.0;0.50;1.5;1.00;0.50;3.5;0.50;0.50;0.0;0.0;9.0;0.0;0.0;7.0;0.0;0.0;0.0;0.50;1.5;14;1.00;0.50;1.5;1.00;0.50
651674;0;368640;1;-5.5;0.0;-1.2;n/a;n/a;n/a;25;18;3.6;2293.623291;0;0.0;0.0;0.0;28;0.0;17210.083984;0;0.0;0.0;0.0;0.0;1.4;905328;1837540;16;0.97;19;0.95;2.5;0.0;0.0;2.5;0.0;0.0;0.0;2.0;0.95;0.45;0.45;4.0;0.0;0.45;0.0;0.0;10.0;0.0;0.0;7.0;0.0;0.0;0.0;0.45;0.45;15;0.45;0.0;0.95;1.5;0.0
653673;0;368640;1;-5.5;0.0;-4.5;n/a;n/a;n/a;25;18;4.2;2285.714355;0;0.0;0.0;0.0;28;0.0;17150.738281;0;0.0;0.0;0.0;0.0;1.4;905328;1837540;16;0.95;19;0.45;6.0;0.0;0.0;1.5;0.0;0.0;0.0;0.45;0.45;0.0;0.0;3.5;0.0;0.0;0.0;0.0;6.0;0.0;0.45;7.5;0.0;0.0;0.0;0.45;0.0;15;0.95;0.45;1.5;1.5;0.95
655672;0;368640;1;-5.6;0.0;-2.5;n/a;n/a;n/a;25;18;3.6;2291.357910;0;0.0;0.0;0.0;28;0.0;21491.357422;0;0.0;0.0;0.0;0.0;1.4;905328;1837540;16;0.97;19;1.00;6.0;0.0;0.0;2.0;0.0;0.0;0.0;0.0;0.0;0.0;0.50;3.5;0.0;0.50;0.0;0.0;5.5;0.0;0.0;7.0;0.0;0.0;0.0;0.50;0.50;15;0.50;0.0;1.00;1.00;1.00
657671;0;368640;1;-5.6;0.0;6.1;n/a;n/a;n/a;25;18;4.2;2290.227051;0;0.0;0.0;0.0;28;0.0;19332.675781;0;0.0;0.0;0.0;0.0;1.4;905328;1837540;16;0.94;19;1.00;6.5;0.0;0.0;6.5;0.0;0.0;0.0;1.5;1.00;13;0.50;4.0;0.50;0.50;0.50;0.0;6.0;0.0;0.0;3.0;0.0;0.0;0.0;1.5;0.50;2.0;1.00;0.50;1.5;1.5;1.00
659670;0;368640;1;-5.6;0.0;1.6;n/a;n/a;n/a;25;18;3.6;2290.227051;0;0.0;0.0;0.0;28;0.0;15036.525391;0;0.0;0.0;0.0;0.0;1.4;905328;1837540;16;0.95;19;0.45;6.0;0.0;0.0;4.5;0.0;0.0;0.0;0.45;0.45;4.5;0.0;3.5;0.45;0.95;0.0;0.0;6.0;0.0;0.0;5.0;0.0;0.0;0.0;0.95;0.95;11;0.45;0.45;0.95;0.95;0.0
661669;0;368640;1;-5.5;0.0;1.9;n/a;n/a;n/a;25;18;4.6;2285.714355;0;0.0;0.0;0.0;28;0.0;17150.738281;0;0.0;0.0;0.0;0.0;1.4;905328;1837540;16;0.95;19;1.00;6.5;0.0;0.0;2.0;0.50;0.0;0.0;2.0;1.00;3.5;0.50;4.0;0.50;1.5;0.0;0.0;5.5;0.0;0.0;7.0;0.0;0.0;0.0;1.5;0.50;12;0.0;0.50;1.00;1.00;0.0
663668;0;368640;1;-5.5;0.0;8.1;n/a;n/a;n/a;25;18;4.4;2291.357910;0;0.0;0.0;0.0;28;0.0;19342.222656;0;0.0;0.0;0.0;0.0;1.4;905328;1837540;16;0.97;19;0.50;10;0.0;0.0;2.0;0.0;0.0;0.0;0.50;0.50;4.5;0.50;4.0;1.00;1.00;0.50;0.0;2.0;0.0;0.0;7.0;0.0;0.0;0.50;1.00;0.50;11;0.50;0.0;1.00;1.00;0.0
665667;0;368640;1;-5.5;0.0;8.4;n/a;n/a;n/a;25;18;3.8;2293.623291;0;0.0;0.0;0.0;28;0.0;17210.083984;0;0.0;0.0;0.0;0.0;1.4;905328;1837540;16;0.94;19;0.95;12;0.0;0.0;2.0;0.0;0.0;0.0;0.45;0.0;0.45;0.0;3.5;0.0;0.45;0.0;0.0;0.0;0.0;0.0;7.0;0.0;0.0;0.0;0.45;0.45;15;0.0;0.0;0.95;2.5;0.45
667666;0;368640;1;-5.5;0.0;10;n/a;n/a;n/a;25;18;3.2;2292.490234;0;0.0;0.0;0.0;28;0.0;17201.580078;0;0.0;0.0;0.0;0.0;1.4;905328;1837540;16;1.0;19;1.00;8.0;0.0;0.0;3.0;0.0;0.0;0.0;2.0;1.00;8.0;0.50;3.5;0.50;1.00;0.50;0.0;0.0;6.0;0.0;6.5;0.0;0.50;0.0;1.00;1.5;8.0;0.50;0.50;1.5;1.00;0.0
669665;0;368640;1;-5.5;0.0;4.8;n/a;n/a;n/a;25;18;4.0;2290.227051;0;0.0;0.0;0.0;28;0.0;17184.599609;0;0.0;0.0;0.0;0.0;1.4;905328;1837540;16;1.0;19;1.00;7.5;0.0;0.0;2.0;0.0;0.0;0.0;0.50;0.50;0.50;0.50;4.0;0.50;0.50;0.0;0.0;0.0;7.0;0.0;7.0;0.0;0.0;0.0;0.50;1.5;14;0.50;0.0;1.00;1.5;0.0
671664;0;368640;1;-5.6;0.0;-2.7;n/a;n/a;n/a;25;18;5.4;2293.623291;0;0.0;0.0;0.0;28;0.0;19361.343750;0;0.0;0.0;0.0;0.0;1.4;905328;1837540;16;1.0;19;0.45;7.5;0.45;0.0;2.5;0.0;0.0;0.0;1.5;0.45;3.0;0.95;4.0;0.45;0.45;0.45;0.0;0.0;7.0;0.0;7.5;0.45;0.0;0.0;0.0;0.95;13;0.45;0.0;1.5;2.0;0.45
673663;0;368640;1;-5.5;0.0;2.3;n/a;n/a;n/a;25;18;5.2;2285.714355;0;0.0;0.0;0.0;28;0.0;17150.738281;0;0.0;0.0;0.0;0.0;1.4;905328;1837540;16;1.1;19;1.00;7.5;0.0;0.0;2.0;0.0;0.0;0.0;0.50;0.50;17;0.50;4.5;0.50;0.50;0.0;0.0;0.0;7.0;0.0;7.5;0.0;0.0;0.0;0.50;1.5;0.50;0.50;0.50;1.00;1.5;0.0
675662;0;368640;1;-5.6;0.0;1.8;n/a;n/a;n/a;25;18;5.0;2291.357910;0;0.0;0.0;0.0;28;0.0;17193.085938;0;0.0;0.0;0.0;0.0;1.4;905328;1837540;16;1.0;19;0.45;7.5;0.0;0.0;7.0;0.0;0.0;0.0;0.45;0.0;15;0.95;4.0;0.45;0.45;0.0;0.0;0.0;7.0;0.0;2.0;0.0;0.0;0.0;0.45;0.45;0.0;0.0;0.0;0.95;0.95;0.0
677661;0;368640;1;-5.5;0.0;3.2;n/a;n/a;n/a;25;18;5.6;2298.167480;0;0.0;0.0;0.0;28;0.0;19399.703125;0;0.0;0.0;0.0;0.0;1.4;905328;1837540;16;1.0;19;1.00;7.5;0.0;0.0;7.5;0.50;0.50;0.0;1.00;2.0;8.5;0.50;4.0;0.50;0.50;1.00;0.0;0.0;7.0;0.0;2.0;0.0;0.50;0.0;0.50;1.5;7.0;0.50;0.0;1.5;1.5;0.50
679660;0;368640;1;-5.5;0.0;12;n/a;n/a;n/a;25;18;4.6;2291.357910;0;0.0;0.0;0.0;28;0.0;17193.085938;0;0.0;0.0;0.0;0.0;1.4;905328;1837540;16;1.1;19;1.00;7.5;0.0;0.0;7.5;0.0;0.0;0.0;1.00;0.50;0.0;0.50;4.0;0.50;0.50;0.50;0.0;0.0;7.5;0.0;2.5;0.0;0.0;0.0;1.5;1.00;17;0.0;0.50;1.5;1.00;0.0
681659;0;368640;1;-5.6;0.0;1.2;n/a;n/a;n/a;25;18;4.2;2292.490234;0;0.0;0.0;0.0;28;0.0;17201.580078;0;0.0;0.0;0.0;0.0;1.4;905328;1837540;16;1.5;19;0.95;10.0;0.0;0.0;10.0;0.95;0.0;0.0;3.0;0.95;1.5;0.95;5.5;0.45;2.0;1.5;0.0;0.0;10.0;0.0;3.5;0.0;0.0;0.0;1.5;0.95;20;0.45;0.0;1.5;2.0;0.0
683658;0;368640;1;-5.6;0.0;-4.1;n/a;n/a;n/a;25;18;3.8;2289.097168;0;0.0;0.0;0.0;28;0.0;17176.123047;0;0.0;0.0;0.0;0.0;1.4;905328;1837540;16;1.0;19;0.45;7.5;0.0;0.0;2.0;0.0;0.0;0.0;0.45;0.95;0.0;0.0;4.0;0.0;0.45;0.45;0.0;0.0;7.0;0.0;0.0;7.5;0.0;0.0;0.95;0.45;16;0.45;0.45;0.95;2.0;0.0
685657;0;368640;1;-5.7;0.0;7.0;n/a;n/a;n/a;25;18;4.6;2283.464600;0;0.0;0.0;0.0;28;0.0;21417.322266;0;0.0;0.0;0.0;0.0;1.4;905328;1837540;16;1.0;19;0.95;7.5;0.0;0.0;2.0;0.0;0.0;0.0;0.45;0.0;4.5;0.45;3.5;0.0;0.45;0.95;0.0;0.0;7.0;0.0;0.0;7.0;0.0;0.0;0.95;0.0;11;0.0;0.0;1.5;0.95;0.0
687656;0;368640;1;-5.6;0.0;-0.052;n/a;n/a;n/a;25;18;3.8;2290.227051;0;0.0;0.0;0.0;28;0.0;17184.599609;0;0.0;0.0;0.0;0.0;1.4;905328;1837540;16;1.1;19;1.00;4.0;0.0;0.50;0.50;2.0;3.0;0.50;1.00;0.50;8.0;0.50;4.5;1.00;0.50;1.00;0.0;3.5;7.0;0.0;0.0;4.5;0.50;0.0;3.0;1.5;10;0.50;1.00;1.5;1.5;0.50
689655;0;368640;1;-5.7;0.0;0.99;n/a;n/a;n/a;25;18;4.8;2289.097168;0;0.0;0.0;0.0;28;0.0;19323.136719;0;0.0;0.0;0.0;0.0;1.4;905328;1837540;16;1.0;19;0.95;0.0;0.0;0.0;0.0;1.5;0.0;0.0;0.45;0.45;4.0;0.0;3.5;0.0;0.45;0.0;0.0;7.5;7.0;0.0;0.0;0.0;7.0;0.0;1.5;0.45;11;0.45;0.0;0.95;0.95;0.95
691654;0;368640;1;-5.7;0.0;-3.8;n/a;n/a;n/a;25;18;4.4;2292.490234;0;0.0;0.0;0.0;28;0.0;17201.580078;0;0.0;0.0;0.0;0.0;1.4;905328;1837540;16;1.0;19;0.50;0.0;0.50;0.0;0.0;2.0;6.0;0.0;0.0;0.50;0.50;0.50;3.5;0.0;0.0;0.50;0.0;7.5;7.0;0.50;0.0;0.0;1.5;0.0;1.00;0.50;15;0.50;0.50;1.00;1.00;1.00
693653;0;368640;1;-5.6;0.0;-0.17;n/a;n/a;n/a;25;18;4.0;2293.623291;0;0.0;0.0;0.0;28;0.0;21512.605469;0;0.0;0.0;0.0;0.0;1.4;905328;1837540;16;1.0;19;0.95;6.0;0.0;0.0;0.0;2.0;0.0;0.0;0.45;0.45;0.45;0.45;4.0;0.45;0.95;0.0;0.0;7.5;7.0;0.0;0.0;0.0;0.0;0.0;1.5;2.0;15;0.45;0.0;0.95;0.95;0.95
695652;0;368640;1;-5.6;0.0;-0.59;n/a;n/a;n/a;25;18;3.4;2295.893066;0;0.0;0.0;0.0;28;0.0;19380.503906;0;0.0;0.0;0.0;0.0;1.4;905328;1837540;16;1.0;19;0.50;7.0;0.0;0.0;0.0;2.0;0.0;0.0;0.50;0.50;15;0.0;3.5;0.50;0.0;1.00;0.50;6.5;7.5;0.0;0.0;0.0;0.0;0.0;0.0;1.00;0.0;0.50;0.0;1.00;1.00;0.0
697651;0;368640;1;-5.6;0.0;2.4;n/a;n/a;n/a;25;18;4.2;2290.227051;0;0.0;0.0;0.0;28;0.0;19332.675781;0;0.0;0.0;0.0;0.0;1.4;905328;1837540;16;1.0;19;0.95;7.0;0.0;0.0;0.0;2.0;0.45;0.0;2.0;0.95;11;0.95;3.5;0.45;0.95;0.45;0.0;7.0;7.0;0.0;0.0;0.45;0.0;0.0;0.95;1.5;4.0;0.45;0.0;0.95;0.95;0.95
699650;0;368640;1;-5.5;0.0;9.0;n/a;n/a;n/a;25;18;3.4;2290.227051;0;0.0;0.0;0.0;28;0.0;17184.599609;0;0.0;0.0;0.0;0.0;1.4;905328;1837540;16;1.5;19;1.5;10;0.0;0.0;0.0;1.00;0.0;0.0;0.50;0.50;18;1.5;5.5;0.50;1.00;0.50;0.0;11;9.5;0.0;0.0;2.5;0.0;0.0;1.5;1.5;4.0;0.0;0.50;1.5;1.5;1.00
701649;0;368640;1;-5.5;0.0;2.4;n/a;n/a;n/a;25;18;3.2;2293.623291;0;0.0;0.0;0.0;28;0.0;17210.083984;0;0.0;0.0;0.0;0.0;1.4;905328;1837540;16;1.0;19;0.45;7.0;0.0;0.0;0.0;0.0;0.0;0.0;0.0;0.45;15;0.45;3.5;0.0;0.45;0.0;0.0;6.0;7.0;0.0;0.0;2.0;0.0;0.0;1.5;0.45;0.0;0.45;0.0;0.95;0.95;0.0
703648;0;368640;1;-5.5;0.0;-6.9;n/a;n/a;n/a;25;18;5.6;2295.893066;0;0.0;0.0;0.0;28;0.0;17227.115234;0;0.0;0.0;0.0;0.0;1.4;905328;1837540;16;1.5;19;1.5;10;0.50;0.0;0.0;3.0;0.0;0.0;5.0;2.0;12;1.5;7.0;1.5;1.5;1.00;0.0;12;10;0.50;0.50;1.00;0.0;0.0;4.0;1.5;11;1.5;1.00;2.5;2.5;1.00
705647;0;368640;1;-5.5;0.0;4.3;n/a;n/a;n/a;25;18;4.4;2285.714355;0;0.0;0.0;0.0;28;0.0;17150.738281;0;0.0;0.0;0.0;0.0;1.4;905328;1837540;16;0.95;19;0.45;6.0;7.0;0.0;0.0;2.0;0.0;0.0;0.45;0.45;14;0.0;3.5;0.0;0.45;0.0;0.0;7.0;0.0;0.0;0.0;0.0;0.0;0.0;0.45;0.95;0.0;0.45;0.95;1.5;0.95;0.0
707646;0;368640;1;-5.4;0.0;7.3;n/a;n/a;n/a;25;18;4.6;2298.167480;0;0.0;0.0;0.0;28;0.0;17244.179688;0;0.0;0.0;0.0;0.0;1.4;905328;1837540;16;1.0;19;1.00;6.5;6.0;0.50;0.50;1.00;0.0;0.0;1.00;1.5;12;0.0;3.5;0.50;0.50;0.50;0.0;7.0;1.5;0.0;0.0;0.0;0.50;0.50;1.5;1.5;4.0;1.00;0.50;1.00;1.5;0.0
709645;0;368640;1;-5.4;0.0;-4.9;n/a;n/a;n/a;25;18;4.6;2297.029785;0;0.0;0.0;0.0;28;0.0;21544.554688;0;0.0;0.0;0.0;0.0;1.4;905328;1837540;16;1.0;19;0.50;7.5;0.0;0.0;0.0;0.0;0.0;0.0;0.0;0.50;8.0;0.50;4.0;0.0;0.50;0.50;0.0;6.5;7.5;0.0;0.0;0.0;2.0;0.0;1.00;2.0;7.5;1.00;0.50;1.00;1.5;0.50
711644;0;368640;1;-5.4;0.0;0.40;n/a;n/a;n/a;25;18;3.8;2292.490234;0;0.0;0.0;0.0;28;0.0;17201.580078;0;0.0;0.0;0.0;0.0;1.4;905328;1837540;16;1.5;19;0.95;11;0.0;0.0;0.0;0.95;0.0;0.0;0.45;0.95;21;0.95;5.0;0.0;0.95;0.0;0.0;9.5;9.5;0.0;0.0;0.0;3.0;0.0;0.95;0.0;0.0;0.0;0.45;1.5;3.0;0.0
713643;0;368640;1;-5.3;0.0;-7.4;n/a;n/a;n/a;25;18;3.8;2287.968506;0;0.0;0.0;0.0;28;0.0;17167.652344;0;0.0;0.0;0.0;0.0;1.4;905328;1837540;16;1.0;19;0.95;7.5;0.0;0.0;0.0;0.0;1.5;0.45;0.45;1.5;5.0;0.95;4.0;0.45;0.45;0.0;0.0;6.5;7.5;0.0;0.0;0.0;0.95;0.0;0.95;0.95;10;0.0;0.0;1.5;2.0;0.45
715642;0;368640;1;-5.4;0.0;7.2;n/a;n/a;n/a;25;18;3.8;2285.714355;0;0.0;0.0;0.0;28;0.0;19294.582031;0;0.0;0.0;0.0;0.0;1.4;905328;1837540;16;1.0;19;0.50;7.0;0.0;0.0;0.0;0.0;2.0;0.0;0.0;0.50;15;0.0;3.0;0.0;1.00;0.0;0.0;6.0;7.0;0.0;0.0;0.0;0.0;0.0;1.00;0.0;0.0;0.50;0.0;1.00;1.00;0.0
717641;0;368640;1;-5.4;0.0;-1.2;n/a;n/a;n/a;25;18;3.6;2299.306152;0;0.0;0.0;0.0;28;0.0;17252.724609;0;0.0;0.0;0.0;0.0;1.4;905328;1837540;16;1.0;19;1.00;7.0;0.0;0.0;0.0;0.0;2.0;0.0;0.50;1.00;9.0;0.50;4.0;0.50;1.5;0.50;0.0;7.5;7.0;0.0;0.0;0.50;0.0;0.0;2.0;2.0;7.0;1.00;0.50;1.5;1.5;0.0
719640;0;368640;1;-5.5;0.0;11;n/a;n/a;n/a;25;18;3.6;2291.357910;0;0.0;0.0;0.0;28;0.0;17193.085938;0;0.0;0.0;0.0;0.0;1.4;905328;1837540;16;1.0;19;0.50;3.5;3.0;0.50;0.0;0.0;2.0;0.0;0.50;0.0;7.5;0.50;3.5;0.50;1.00;0.0;0.0;6.5;7.5;0.0;0.0;0.0;0.0;0.0;0.50;1.00;7.5;0.0;0.50;1.00;1.5;0.0
721639;0;368640;1;-5.6;0.0;9.5;n/a;n/a;n/a;25;18;4.0;2287.968506;0;0.0;0.0;0.0;28;0.0;21459.566406;0;0.0;0.0;0.0;0.0;1.4;905328;1837540;16;1.0;19;0.45;0.0;6.0;0.0;0.0;0.0;2.0;0.0;0.0;0.45;16;0.0;3.5;0.45;0.45;0.0;0.0;7.5;7.5;0.0;0.0;0.0;0.0;0.0;0.45;2.0;0.0;0.45;0.0;0.95;1.5;0.0
723638;0;368640;1;-5.5;0.0;6.5;n/a;n/a;n/a;25;18;3.6;2281.219238;0;0.0;0.0;0.0;28;0.0;17117.011719;0;0.0;0.0;0.0;0.0;1.4;905328;1837540;16;0.98;19;1.00;0.0;6.5;0.0;0.0;0.0;2.0;0.0;1.5;0.50;6.0;1.00;4.0;0.50;0.50;1.00;0.0;7.5;6.5;0.0;0.0;0.0;0.0;0.0;1.00;2.0;9.5;0.0;0.0;1.5;1.5;0.50
725637;0;368640;1;-5.4;0.0;-2.7;n/a;n/a;n/a;25;18;3.6;2289.097168;0;0.0;0.0;0.0;28;0.0;17176.123047;0;0.0;0.0;0.0;0.0;1.4;905328;1837540;16;1.0;19;0.45;0.0;7.5;0.0;0.0;0.0;2.0;0.0;0.0;0.45;0.45;0.45;3.5;0.0;0.45;0.0;0.0;7.5;5.5;0.0;0.0;0.0;0.0;0.0;0.45;0.95;15;0.0;0.45;0.95;0.95;0.0
727636;0;368640;1;-5.2;0.0;-2.3;n/a;n/a;n/a;25;18;4.0;2286.840820;0;0.0;0.0;0.0;28;0.0;17159.191406;0;0.0;0.0;0.0;0.0;1.4;905328;1837540;16;1.5;19;0.95;0.0;10;0.95;0.0;0.95;3.0;0.0;2.5;2.5;0.45;1.5;6.5;0.95;0.95;0.45;0.0;10;10.0;0.45;0.45;0.0;0.45;0.0;1.5;2.0;21;0.95;2.5;0.95;2.0;0.0
729635;0;368640;1;-5.2;0.0;-0.48;n/a;n/a;n/a;25;18;5.2;2300.446289;0;0.0;0.0;0.0;28;0.0;17261.279297;0;0.0;0.0;0.0;0.0;1.4;905328;1837540;16;1.1;19;1.00;0.0;0.0;7.0;0.0;0.0;0.0;0.0;0.50;0.50;6.5;0.50;4.0;1.00;1.00;0.0;0.0;7.0;7.5;0.0;0.0;0.0;2.0;0.0;0.50;1.5;9.5;0.0;0.0;1.5;1.5;0.50
731634;0;368640;1;-5.3;0.0;-0.98;n/a;n/a;n/a;25;18;3.6;2293.623291;0;0.0;0.0;0.0;28;0.0;17210.083984;0;0.0;0.0;0.0;0.0;1.4;905328;1837540;16;0.98;19;0.95;0.45;0.45;6.5;0.45;0.0;0.0;0.0;0.45;0.95;15;0.45;3.5;0.45;0.45;0.45;0.45;8.0;7.0;0.95;0.0;0.0;2.0;0.0;0.45;0.95;0.45;0.45;0.45;0.95;1.5;0.0
733633;0;368640;1;-5.4;0.0;-1.0;n/a;n/a;n/a;25;18;3.6;2293.623291;0;0.0;0.0;0.0;28;0.0;17210.083984;0;0.0;0.0;0.0;0.0;1.4;905328;1837540;16;1.0;19;0.45;0.0;3.5;6.0;0.0;0.0;0.95;0.0;2.0;0.45;9.5;0.95;4.5;0.0;0.45;0.45;0.0;7.0;3.5;0.45;0.0;0.45;1.5;0.0;1.5;0.95;6.5;0.0;0.45;1.5;1.5;0.45
735632;0;368640;1;-5.4;0.0;6.0;n/a;n/a;n/a;25;18;4.4;2290.227051;0;0.0;0.0;0.0;28;0.0;19332.675781;0;0.0;0.0;0.0;0.0;1.4;905328;1837540;16;1.0;19;1.00;0.0;7.0;7.0;0.0;0.0;0.0;0.0;0.0;0.50;8.0;0.50;3.5;0.50;0.50;0.50;0.0;7.5;0.0;0.0;0.0;0.0;2.0;0.0;0.50;0.50;7.5;0.50;0.0;1.00;0.50;0.0
737631;0;368640;1;-5.4;0.0;7.1;n/a;n/a;n/a;25;18;5.2;2295.893066;0;0.0;0.0;0.0;28;0.0;19380.503906;0;0.0;0.0;0.0;0.0;1.4;905328;1837540;16;1.0;19;0.50;0.0;1.00;7.0;0.0;0.0;0.0;0.0;0.50;0.0;0.50;0.0;3.5;0.0;0.50;0.0;0.0;7.5;6.0;0.0;0.50;0.0;2.0;0.0;1.5;1.5;15;0.50;0.50;1.00;1.00;0.0
739630;0;368640;1;-5.4;0.0;-1.5;n/a;n/a;n/a;25;18;3.4;2292.490234;0;0.0;0.0;0.0;28;0.0;19351.779297;0;0.0;0.0;0.0;0.0;1.4;905328;1837540;16;1.0;19;1.00;0.0;3.5;7.0;0.50;0.0;1.5;0.0;1.00;2.5;14;0.50;4.0;0.50;0.50;0.50;0.0;7.5;4.5;0.0;0.0;0.0;0.0;0.50;1.5;1.00;2.5;0.50;0.0;1.5;1.5;0.0
741629;0;368640;1;-5.4;0.0;1.6;n/a;n/a;n/a;25;18;3.8;2295.893066;0;0.0;0.0;0.0;28;0.0;17227.115234;0;0.0;0.0;0.0;0.0;1.4;905328;1837540;16;1.0;19;0.45;0.0;0.0;7.0;0.0;0.0;2.0;0.0;0.45;0.0;0.45;0.0;3.5;0.0;0.45;0.0;0.0;7.5;6.5;0.0;0.0;0.0;0.0;0.0;0.95;0.45;15;0.0;0.0;0.95;2.0;0.0
743628;0;368640;1;-5.4;0.0;9.8;n/a;n/a;n/a;25;18;4.2;2293.623291;0;0.0;0.0;0.0;28;0.0;19361.343750;0;0.0;0.0;0.0;0.0;1.4;905328;1837540;16;1.0;19;0.95;0.45;3.0;7.5;0.0;0.45;2.0;0.0;0.95;1.5;2.0;0.95;4.0;0.45;0.95;0.0;0.0;7.5;4.5;0.45;0.45;0.0;0.0;0.0;1.5;0.0;13;0.45;0.0;0.95;2.0;0.45
745627;0;368640;1;-5.3;0.0;-0.91;n/a;n/a;n/a;26;18;2.6;2349.926025;33;0.0;0.0;0.0;28;0.0;17159.191406;0;0.0;0.0;0.0;0.0;1.4;905328;1837540;16;1.0;19;0.50;0.0;7.0;7.0;0.0;0.0;2.0;0.0;0.50;1.00;1.00;0.50;3.5;0.50;0.50;0.50;0.0;7.0;0.0;0.0;0.0;0.0;0.0;0.0;0.0;0.50;15;0.0;0.50;1.00;1.00;0.0
747626;0;368640;1;-5.3;0.0;0.60;n/a;n/a;n/a;25;18;4.4;2293.623291;0;0.0;0.0;0.0;28;0.0;19361.343750;0;0.0;0.0;0.0;0.0;1.4;905328;1837540;16;1.0;19;0.95;0.0;6.5;7.0;0.0;0.0;2.0;0.0;0.45;0.45;0.0;0.45;3.5;0.45;0.45;0.45;0.0;7.5;0.45;0.0;0.0;0.0;0.45;0.0;0.95;0.95;15;1.5;0.0;0.95;0.95;0.0
749625;0;368640;1;-5.3;0.0;1.1;n/a;n/a;n/a;25;18;4.4;2286.840820;0;0.0;0.0;0.0;28;0.0;17159.191406;0;0.0;0.0;0.0;0.0;1.4;905328;1837540;16;1.0;19;1.00;0.0;6.0;7.0;0.0;0.0;2.0;0.0;1.5;1.00;0.50;0.50;4.0;0.0;0.50;0.50;0.0;7.5;1.5;0.0;0.0;0.50;0.0;0.0;0.0;1.5;15;1.00;0.0;1.00;2.0;0.50
751624;0;368640;1;-5.4;0.0;-0.075;n/a;n/a;n/a;25;18;4.4;2293.623291;0;0.0;0.0;0.0;28;0.0;17210.083984;0;0.0;0.0;0.0;0.0;1.4;905328;1837540;16;1.0;19;0.45;0.0;7.0;7.0;0.0;0.0;2.0;0.0;0.45;0.45;12;0.45;3.5;0.45;0.95;0.0;0.0;7.5;0.0;0.0;0.0;0.0;0.0;0.0;0.45;0.0;3.5;0.45;0.0;0.95;0.95;0.45
753623;0;368640;1;-5.4;0.0;9.6;n/a;n/a;n/a;25;18;4.4;2287.968506;0;0.0;0.0;0.0;28;0.0;17167.652344;0;0.0;0.0;0.0;0.0;1.4;905328;1837540;16;1.0;19;0.50;0.0;5.5;7.0;0.0;0.0;2.0;0.50;1.00;1.00;15;0.50;4.0;0.0;1.00;0.0;0.0;7.5;2.0;0.0;0.0;0.0;0.0;0.0;1.5;0.50;0.0;1.5;0.50;1.00;1.5;1.00
755622;0;368640;1;-5.4;0.0;15;n/a;n/a;n/a;25;18;4.0;2295.893066;0;0.0;0.0;0.0;28;0.0;19380.503906;0;0.0;0.0;0.0;0.0;1.4;905328;1837540;16;1.1;19;0.95;0.0;0.0;7.0;0.0;0.0;0.0;0.0;0.0;0.45;16;0.0;3.5;0.45;0.45;0.0;0.0;7.0;7.5;0.0;0.0;0.0;2.0;0.0;0.0;0.95;0.45;0.0;0.0;0.95;0.95;0.95
757621;0;368640;1;-5.4;0.0;2.6;n/a;n/a;n/a;25;18;4.2;2287.968506;0;0.0;0.0;0.0;28;0.0;17167.652344;0;0.0;0.0;0.0;0.0;1.4;905328;1837540;16;1.1;19;0.95;6.0;0.45;7.0;0.0;0.0;0.0;0.0;0.95;1.5;15;0.45;3.5;0.0;0.45;0.45;0.45;2.0;6.5;0.0;0.0;0.0;2.0;0.0;0.45;1.5;0.0;0.45;0.45;1.5;0.95;0.0
759620;0;368640;1;-5.4;0.0;3.7;n/a;n/a;n/a;25;18;3.6;2291.357910;0;0.0;0.0;0.0;28;0.0;19342.222656;0;0.0;0.0;0.0;0.0;1.4;905328;1837540;16;1.0;19;1.00;7.5;0.50;7.0;0.0;0.0;1.5;0.0;1.00;1.00;3.5;0.50;4.0;1.00;1.00;0.50;0.0;0.0;7.0;0.0;0.50;0.0;0.50;0.0;1.00;2.5;12;1.5;0.50;1.00;1.00;0.0
761619;0;368640;1;-5.4;0.0;-3.3;n/a;n/a;n/a;25;18;3.2;2293.623291;0;0.0;0.0;0.0;28;0.0;19361.343750;0;0.0;0.0;0.0;0.0;1.4;905328;1837540;16;1.0;19;0.45;7.5;5.5;7.0;0.0;0.0;2.0;0.0;0.0;0.0;0.0;0.45;3.5;0.45;0.0;0.0;0.0;0.0;1.5;0.0;0.0;0.0;0.0;0.0;0.0;0.0;15;0.45;0.0;0.95;2.0;0.0
763618;0;368640;1;-5.4;0.0;7.3;n/a;n/a;n/a;25;18;3.2;2289.097168;0;0.0;0.0;0.0;28;0.0;17176.123047;0;0.0;0.0;0.0;0.0;1.4;905328;1837540;16;1.5;19;1.00;10;9.5;10;0.0;0.50;2.5;0.0;1.00;2.0;4.0;0.50;5.5;2.0;1.00;0.50;0.0;0.0;1.5;0.0;0.0;0.0;0.50;0.50;1.00;1.00;18;1.5;0.50;1.5;1.5;0.50
765617;0;368640;1;-5.4;0.0;-1.9;n/a;n/a;n/a;25;18;4.4;2290.227051;0;0.0;0.0;0.0;28;0.0;17184.599609;0;0.0;0.0;0.0;0.0;1.4;905328;1837540;16;1.0;19;0.95;7.5;0.0;7.0;0.45;0.0;0.0;0.0;0.45;0.45;0.45;0.95;3.5;0.0;0.45;0.0;0.0;0.0;7.0;0.0;0.0;0.0;2.0;0.0;0.45;0.45;15;0.45;0.95;0.95;1.5;0.0
767616;0;368640;1;-5.4;0.0;-2.9;n/a;n/a;n/a;25;18;4.2;2287.968506;0;0.0;0.0;0.0;28;0.0;21459.566406;0;0.0;0.0;0.0;0.0;1.4;905328;1837540;16;1.0;19;1.00;7.5;0.0;7.0;0.0;0.50;0.50;0.0;0.50;0.0;7.0;0.0;3.5;0.0;0.50;1.00;0.0;0.0;7.0;0.50;0.0;0.0;2.0;0.0;1.00;0.0;8.0;1.5;0.50;1.00;1.00;0.0
769615;0;368640;1;-5.3;0.0;6.0;n/a;n/a;n/a;25;18;4.0;2290.227051;0;0.0;0.0;0.0;28;0.0;19332.675781;0;0.0;0.0;0.0;0.0;1.4;905328;1837540;16;1.0;19;0.45;5.0;2.0;7.0;0.0;0.0;0.0;0.0;0.95;1.5;0.95;0.45;4.5;0.45;0.45;0.45;0.0;2.5;5.5;0.0;0.0;0.0;2.0;0.0;0.45;0.45;15;2.0;0.0;0.95;0.95;0.45
771614;0;368640;1;-5.3;0.0;5.2;n/a;n/a;n/a;25;18;3.6;2293.623291;0;0.0;0.0;0.0;28;0.0;17210.083984;0;0.0;0.0;0.0;0.0;1.4;905328;1837540;16;1.0;19;0.45;7.5;0.0;7.0;0.0;0.0;0.0;0.0;0.45;0.0;14;0.45;3.5;0.0;0.45;0.45;0.0;0.0;7.0;0.0;0.0;0.0;2.0;0.0;0.45;0.45;0.45;1.5;0.45;1.5;0.95;0.0
773613;0;368640;1;-5.3;0.0;-3.9;n/a;n/a;n/a;25;18;3.4;2290.227051;0;0.0;0.0;0.0;28;0.0;17184.599609;0;0.0;0.0;0.0;0.0;1.4;905328;1837540;16;1.0;19;1.00;7.5;0.0;7.0;0.0;0.0;0.0;0.50;1.00;1.5;15;0.50;4.0;0.50;0.50;0.0;0.0;0.0;6.0;1.00;0.50;0.0;2.0;0.0;0.50;1.00;0.50;0.50;1.5;1.00;1.5;0.50
775612;0;368640;1;-5.3;0.0;-1.3;n/a;n/a;n/a;25;18;3.6;2292.490234;0;0.0;0.0;0.0;28;0.0;17201.580078;0;0.0;0.0;0.0;0.0;1.4;905328;1837540;16;1.0;19;0.45;7.5;0.0;7.0;0.0;0.0;0.0;0.0;0.45;0.45;15;0.45;4.0;0.45;0.45;0.0;0.0;0.0;0.0;6.0;0.0;0.0;2.0;0.0;0.95;0.45;0.45;0.45;0.0;0.95;0.95;0.0
777611;0;368640;1;-5.3;0.0;-0.75;n/a;n/a;n/a;25;18;3.4;2289.097168;0;0.0;0.0;0.0;28;0.0;17176.123047;0;0.0;0.0;0.0;0.0;1.4;905328;1837540;16;0.98;19;0.50;7.5;0.0;7.5;0.50;0.0;0.0;0.0;0.50;0.0;15;1.00;4.0;0.0;0.50;0.0;0.0;0.0;0.0;5.5;0.0;0.0;2.0;0.0;0.50;1.5;0.50;0.0;0.0;1.00;1.00;0.0
779610;0;368640;1;-5.3;0.0;3.2;n/a;n/a;n/a;25;18;4.6;2295.893066;0;0.0;0.0;0.0;28;0.0;19380.503906;0;0.0;0.0;0.0;0.0;1.4;905328;1837540;16;1.0;19;1.00;7.5;0.0;7.0;0.0;0.0;1.00;0.0;1.00;1.00;1.5;1.00;4.0;0.50;0.50;0.50;0.0;0.0;0.0;6.0;0.0;0.0;1.00;0.0;1.00;1.5;15;0.50;0.0;1.5;1.5;0.50
781609;0;368640;1;-5.3;0.0;7.3;n/a;n/a;n/a;25;18;3.8;2287.968506;0;0.0;0.0;0.0;28;0.0;19313.609375;0;0.0;0.0;0.0;0.0;1.4;905328;1837540;16;1.0;19;0.45;7.0;0.0;6.0;0.0;0.0;2.0;0.0;0.45;0.45;0.0;0.95;3.5;0.0;0.45;0.0;0.0;0.0;0.0;6.0;0.95;0.0;0.0;0.0;0.45;1.5;15;0.0;0.0;0.95;0.95;0.0
783608;0;368640;1;-5.3;0.0;1.5;n/a;n/a;n/a;25;18;4.0;2291.357910;0;0.0;0.0;0.0;28;0.0;17193.085938;0;0.0;0.0;0.0;0.0;1.4;905328;1837540;16;1.0;19;1.00;8.0;0.0;0.0;4.5;0.0;1.5;0.0;1.5;0.50;0.50;1.00;4.5;0.50;0.50;0.0;0.0;0.0;0.0;2.0;7.5;0.50;0.0;0.0;0.50;2.0;15;0.50;0.50;1.5;1.5;0.0
785607;0;368640;1;-5.3;0.0;4.6;n/a;n/a;n/a;25;18;3.6;2290.227051;0;0.0;0.0;0.0;28;0.0;19332.675781;0;0.0;0.0;0.0;0.0;1.4;905328;1837540;16;0.98;19;1.00;7.0;0.0;0.0;7.5;0.0;0.0;0.0;0.0;0.50;0.50;0.0;3.5;0.0;0.50;0.0;0.0;0.0;0.0;0.0;5.5;0.0;2.0;0.0;0.50;0.0;15;1.00;0.0;1.00;1.00;0.50
787606;0;368640;1;-5.3;0.0;3.2;n/a;n/a;n/a;25;18;3.2;2286.840820;0;0.0;0.0;0.0;28;0.0;19304.089844;0;0.0;0.0;0.0;0.0;1.4;905328;1837540;16;1.5;19;0.95;1.5;0.45;0.45;9.5;0.95;0.0;0.0;0.45;2.0;0.0;0.45;5.0;0.45;0.45;0.45;0.0;9.0;0.45;0.45;11;0.0;3.0;0.45;2.0;0.95;21;0.45;0.45;0.95;2.5;0.0
789605;0;368640;1;-5.3;0.0;5.1;n/a;n/a;n/a;25;18;3.8;2290.227051;0;0.0;0.0;0.0;28;0.0;17184.599609;0;0.0;0.0;0.0;0.0;1.4;905328;1837540;16;1.5;19;2.0;0.0;0.0;0.0;9.0;1.00;1.00;0.0;2.0;1.00;0.50;1.00;5.5;0.50;1.00;0.50;0.50;10;1.00;0.0;12;0.0;2.5;0.0;0.50;1.5;23;1.00;1.00;1.5;1.5;0.50
791604;0;368640;1;-5.3;0.0;11;n/a;n/a;n/a;25;18;3.8;2298.167480;0;0.0;0.0;0.0;28;0.0;19399.703125;0;0.0;0.0;0.0;0.0;1.4;905328;1837540;16;1.0;19;0.45;0.0;0.95;0.0;6.0;0.0;2.0;0.0;0.0;0.45;0.45;0.45;3.5;0.0;0.45;0.0;0.0;7.5;0.0;0.0;7.0;0.0;0.0;0.0;0.45;0.95;15;0.0;0.0;0.95;1.5;0.0
793603;0;368640;1;-5.3;0.0;1.7;n/a;n/a;n/a;25;18;4.4;2293.623291;0;0.0;0.0;0.0;28;0.0;21512.605469;0;0.0;0.0;0.0;0.0;1.4;905328;1837540;16;1.0;19;1.5;0.0;0.0;0.0;6.0;0.0;2.0;0.0;1.00;0.50;0.0;0.0;3.5;0.50;0.50;0.50;0.0;7.5;0.0;0.0;7.5;0.0;0.0;0.0;0.0;1.00;15;0.50;0.50;1.00;1.00;0.0
795602;0;368640;1;-5.4;0.0;4.1;n/a;n/a;n/a;25;18;4.0;2289.097168;0;0.0;0.0;0.0;28;0.0;17176.123047;0;0.0;0.0;0.0;0.0;1.4;905328;1837540;16;1.0;19;0.50;0.0;0.0;0.0;6.0;0.0;2.0;0.0;1.5;0.50;2.0;0.50;3.5;0.0;0.50;0.0;1.00;7.5;0.0;0.0;7.0;0.0;0.0;0.0;1.5;1.00;13;0.0;0.0;1.00;1.00;0.0
797601;0;368640;1;-5.3;0.0;7.7;n/a;n/a;n/a;25;18;5.0;2292.490234;0;0.0;0.0;0.0;28;0.0;19351.779297;0;0.0;0.0;0.0;0.0;1.4;905328;1837540;16;0.98;19;0.45;0.0;0.45;0.0;5.5;0.45;1.5;0.45;0.45;0.95;8.5;0.45;3.5;0.0;0.45;0.0;0.95;7.5;0.45;0.0;7.5;0.0;0.0;0.0;2.0;0.45;6.5;0.45;0.0;0.95;0.95;0.0
799600;0;368640;1;-5.3;0.0;8.3;n/a;n/a;n/a;25;18;4.0;2287.968506;0;0.0;0.0;0.0;28;0.0;17167.652344;0;0.0;0.0;0.0;0.0;1.4;905328;1837540;16;0.98;19;0.95;0.0;0.0;0.0;6.5;0.0;1.5;0.0;0.95;0.95;13;0.45;4.0;0.45;0.45;0.45;0.0;7.5;0.95;0.45;7.0;0.45;0.95;0.0;2.0;0.95;2.0;0.95;0.45;1.5;1.5;0.0
801599;0;368640;1;-5.3;0.0;3.1;n/a;n/a;n/a;25;18;3.6;2293.623291;0;0.0;0.0;0.0;28;0.0;17210.083984;0;0.0;0.0;0.0;0.0;1.4;905328;1837540;16;1.0;19;0.45;0.0;0.0;0.0;7.5;0.0;0.0;0.0;0.45;0.0;15;0.0;3.5;0.45;0.45;0.0;0.0;7.5;0.0;0.45;5.5;0.0;2.0;0.45;0.95;0.0;0.0;0.0;0.0;0.95;0.95;0.0
803598;0;368640;1;-5.2;0.0;-1.8;n/a;n/a;n/a;25;18;4.6;2295.893066;0;0.0;0.0;0.0;28;0.0;17227.115234;0;0.0;0.0;0.0;0.0;1.4;905328;1837540;16;1.2;19;1.00;0.0;0.0;0.0;3.5;0.50;0.0;0.0;2.5;0.50;11;0.50;4.0;0.0;0.0;0.50;0.0;8.5;0.0;0.0;7.5;4.0;2.0;1.5;1.00;0.50;7.0;0.50;0.50;1.00;1.5;0.0
805596;0;368640;1;-5.3;0.0;9.2;n/a;n/a;n/a;25;18;3.6;2292.490234;0;0.0;0.0;0.0;28;0.0;19351.779297;0;0.0;0.0;0.0;0.0;1.4;905328;1837540;16;1.3;19;0.95;0.45;0.0;0.0;0.45;3.0;1.5;0.0;4.5;3.5;8.0;0.45;6.0;0.95;1.5;1.5;0.0;9.0;0.0;0.45;9.0;7.5;2.0;0.45;1.5;2.0;13;0.45;0.45;1.5;1.5;0.45
807595;0;368640;1;-5.2;0.0;-1.2;n/a;n/a;n/a;25;18;4.6;2297.029785;0;0.0;0.0;0.0;28;0.0;17235.644531;0;0.0;0.0;0.0;0.0;1.4;905328;1837540;16;1.5;19;1.5;0.95;0.0;0.0;0.0;0.0;0.0;0.45;0.95;0.45;17;0.45;5.0;0.45;0.45;2.0;0.0;10.0;0.45;0.0;10.0;9.5;3.0;0.45;0.45;2.0;3.5;0.45;0.45;0.95;2.0;0.0
809594;0;368640;1;-5.3;0.0;5.0;n/a;n/a;n/a;25;18;3.8;2293.623291;0;0.0;0.0;0.0;28;0.0;19361.343750;0;0.0;0.0;0.0;0.0;1.4;905328;1837540;16;1.0;19;1.00;7.5;0.0;0.0;2.0;0.0;0.0;0.0;1.00;1.00;9.0;0.50;4.0;0.0;1.00;1.00;0.0;7.0;0.0;0.0;4.5;0.0;2.5;0.0;0.50;1.5;7.5;0.50;0.0;1.5;1.00;0.50
811593;0;368640;1;-5.5;0.0;0.15;n/a;n/a;n/a;25;18;4.2;2297.029785;0;0.0;0.0;0.0;28;0.0;19390.099609;0;0.0;0.0;0.0;0.0;1.4;905328;1837540;16;1.0;19;0.50;6.0;0.0;0.0;7.0;0.0;0.0;0.0;0.50;0.50;0.0;0.0;3.5;0.50;0.50;1.00;0.0;7.0;0.50;0.0;0.0;0.0;2.0;0.0;0.50;1.00;16;0.0;0.0;1.00;1.00;0.0
813592;0;368640;1;-5.5;0.0;-2.2;n/a;n/a;n/a;25;18;4.2;2286.840820;0;0.0;0.0;0.0;28;0.0;19304.089844;0;0.0;0.0;0.0;0.0;1.4;905328;1837540;16;0.98;19;1.00;6.5;0.0;0.0;7.0;0.0;0.0;0.0;0.50;0.50;12;0.50;3.5;0.0;0.50;0.50;0.0;7.5;0.0;0.0;0.0;0.0;1.5;0.0;1.00;1.5;3.0;0.50;0.50;1.00;1.00;0.0
815591;0;368640;1;-5.5;0.0;6.4;n/a;n/a;n/a;25;18;4.2;2298.167480;0;0.0;0.0;0.0;28;0.0;17244.179688;0;0.0;0.0;0.0;0.0;1.4;905328;1837540;16;0.98;19;0.45;6.5;0.0;0.0;7.5;0.0;1.5;0.0;0.45;1.5;0.45;0.45;4.0;0.45;0.95;0.0;0.0;7.5;0.0;0.0;0.45;0.0;0.95;0.0;0.45;0.45;15;0.0;0.0;1.5;1.5;0.0
817590;0;368640;1;-5.5;0.0;7.1;n/a;n/a;n/a;25;18;4.0;2287.968506;0;0.0;0.0;0.0;28;0.0;23605.523438;0;0.0;0.0;0.0;0.0;1.4;905328;1837540;16;1.0;19;0.95;6.0;0.45;0.0;6.5;0.0;2.0;0.45;0.45;0.0;0.45;0.0;3.5;0.0;0.45;0.45;0.0;7.0;0.0;0.0;0.0;0.45;0.0;0.0;0.45;1.5;15;0.45;0.45;0.95;0.95;1.5
819589;0;368640;1;-5.4;0.0;4.6;n/a;n/a;n/a;25;18;4.0;2289.097168;0;0.0;0.0;0.0;28;0.0;19323.136719;0;0.0;0.0;0.0;0.0;1.4;905328;1837540;16;1.0;19;0.50;6.5;0.0;0.50;5.5;0.0;1.5;0.0;0.50;1.00;1.00;0.50;3.5;0.50;0.50;0.0;0.0;7.0;0.0;0.50;1.5;0.0;0.50;0.0;2.5;1.5;15;1.00;0.50;1.5;1.00;0.50
821588;0;368640;1;-5.5;0.0;6.2;n/a;n/a;n/a;25;18;4.2;2298.167480;0;0.0;0.0;0.0;28;0.0;19399.703125;0;0.0;0.0;0.0;0.0;1.4;905328;1837540;16;1.0;19;1.00;7.5;0.0;0.0;0.0;0.0;2.0;0.0;0.50;0.0;0.0;0.0;3.5;0.0;0.50;0.0;0.0;6.0;0.0;0.0;7.0;0.0;0.0;0.0;0.0;1.00;15;0.50;0.0;1.00;1.00;1.5
823587;0;368640;1;-5.6;0.0;0.22;n/a;n/a;n/a;25;18;3.4;2287.968506;0;0.0;0.0;0.0;28;0.0;17167.652344;0;0.0;0.0;0.0;0.0;1.4;905328;1837540;16;0.98;19;0.95;7.0;0.45;0.0;0.45;0.45;2.0;0.0;0.45;0.95;0.45;0.95;3.5;0.45;0.45;0.45;0.45;6.5;0.45;0.0;7.0;0.0;0.0;0.45;0.95;1.5;15;0.95;0.95;1.5;1.5;0.45
825586;0;368640;1;-5.6;0.0;1.4;n/a;n/a;n/a;25;18;4.6;2292.490234;0;0.0;0.0;0.0;28;0.0;17201.580078;0;0.0;0.0;0.0;0.0;1.4;905328;1837540;16;1.2;19;0.95;8.0;0.0;0.45;0.0;0.0;0.45;0.0;0.95;0.95;14;0.45;5.0;0.45;0.95;0.45;0.0;9.0;0.0;0.0;8.0;0.45;2.0;0.0;2.0;0.0;4.5;0.95;0.95;0.95;1.5;0.0
827585;0;368640;1;-5.6;0.0;18;n/a;n/a;n/a;25;18;5.2;2297.029785;0;0.0;0.0;0.0;28;0.0;19390.099609;0;0.0;0.0;0.0;0.0;1.4;905328;1837540;16;1.0;19;0.50;6.5;0.0;0.0;0.0;0.0;0.0;0.0;0.0;0.50;15;0.0;3.5;0.50;1.00;0.50;0.0;7.0;0.0;0.0;7.5;0.0;1.5;0.0;0.50;1.5;0.0;0.50;0.0;1.00;1.00;0.0
829584;0;368640;1;-5.4;0.0;4.5;n/a;n/a;n/a;25;18;3.4;2289.097168;0;0.0;0.0;0.0;28;0.0;17176.123047;0;0.0;0.0;0.0;0.0;1.4;905328;1837540;16;1.0;19;0.95;5.0;0.0;0.0;0.0;0.0;0.45;0.0;0.95;0.95;14;0.45;4.0;0.45;0.95;0.45;0.0;7.5;1.5;0.0;7.0;0.0;2.0;0.0;2.5;1.5;0.95;0.0;0.45;1.5;1.5;0.0
831583;0;368640;1;-5.6;0.0;-1.4;n/a;n/a;n/a;25;18;3.6;2295.893066;0;0.0;0.0;0.0;28;0.0;17227.115234;0;0.0;0.0;0.0;0.0;1.4;905328;1837540;16;1.0;19;0.50;0.0;0.0;0.0;0.0;0.0;2.0;0.0;0.0;0.0;1.00;0.50;3.5;0.50;0.50;0.50;0.0;7.5;7.0;0.0;7.0;0.0;0.0;0.0;0.50;1.00;14;0.50;0.0;1.00;1.00;0.0
833582;0;368640;1;-5.5;0.0;9.6;n/a;n/a;n/a;25;18;4.0;2292.490234;0;0.0;0.0;0.0;28;0.0;17201.580078;0;0.0;0.0;0.0;0.0;1.4;905328;1837540;16;1.0;19;0.95;0.0;5.5;0.0;0.45;0.0;2.0;0.0;0.45;0.95;10;0.45;3.5;0.0;0.45;0.0;0.0;7.5;0.95;0.45;7.0;0.0;0.0;0.0;0.45;0.95;5.0;0.45;0.45;0.95;0.95;0.45
835581;0;368640;1;-5.3;0.0;5.7;n/a;n/a;n/a;25;18;3.8;2295.893066;0;0.0;0.0;0.0;28;0.0;19380.503906;0;0.0;0.0;0.0;0.0;1.4;905328;1837540;16;1.0;19;0.50;0.0;0.0;0.0;6.0;0.0;2.0;0.50;0.50;0.50;9.5;0.0;4.0;0.50;0.50;0.50;0.0;7.5;0.0;0.0;7.5;0.0;0.0;0.0;2.0;0.50;5.5;0.50;0.50;1.5;1.00;1.00
837580;0;368640;1;-5.4;0.0;-7.0;n/a;n/a;n/a;25;18;4.4;2293.623291;0;0.0;0.0;0.0;28;0.0;17210.083984;0;0.0;0.0;0.0;0.0;1.4;905328;1837540;16;1.1;19;1.00;0.0;0.0;0.0;7.0;6.0;2.0;0.0;0.50;1.00;2.5;1.00;4.0;0.50;1.00;0.50;0.0;7.5;0.0;0.0;1.5;0.50;0.0;0.0;1.5;1.00;14;0.50;0.0;1.00;1.00;0.0
839579;0;368640;1;-5.5;0.0;-3.6;n/a;n/a;n/a;25;18;4.0;2290.227051;0;0.0;0.0;0.0;28;0.0;19332.675781;0;0.0;0.0;0.0;0.0;1.4;905328;1837540;16;1.1;19;0.45;0.45;0.0;0.0;7.0;0.0;2.0;0.0;0.95;0.95;7.5;0.45;4.5;0.45;0.95;0.45;0.0;7.5;0.0;0.0;0.0;7.5;0.0;0.45;2.0;0.95;10.0;0.45;0.45;1.5;2.0;0.45
841578;0;368640;1;-5.5;0.0;3.9;n/a;n/a;n/a;25;18;4.2;2297.029785;0;0.0;0.0;0.0;28;0.0;17235.644531;0;0.0;0.0;0.0;0.0;1.4;905328;1837540;16;1.0;19;0.50;0.0;0.0;0.0;7.0;0.0;2.0;0.0;0.0;0.0;0.0;0.50;3.5;0.0;0.50;0.0;0.0;7.5;0.0;0.0;0.0;7.0;0.0;0.0;0.50;1.00;15;1.00;0.0;1.00;1.00;0.0
843577;0;368640;1;-5.6;0.0;-5.5;n/a;n/a;n/a;25;18;3.0;2349.926025;33;0.0;0.0;0.0;28;0.0;21448.990234;0;0.0;0.0;0.0;0.0;1.4;905328;1837540;16;1.0;19;1.00;0.0;0.0;0.50;7.0;0.0;2.0;0.0;0.50;1.00;0.0;0.0;3.5;0.0;0.50;0.50;0.0;7.5;0.0;0.0;0.0;7.0;0.0;0.0;0.50;1.5;15;1.00;0.50;1.00;1.5;0.0
845576;0;368640;1;-5.4;0.0;4.5;n/a;n/a;n/a;25;18;4.8;2293.623291;0;0.0;0.0;0.0;28;0.0;17210.083984;0;0.0;0.0;0.0;0.0;1.4;905328;1837540;16;1.0;19;0.50;0.0;0.0;0.0;7.0;0.0;4.0;0.0;0.50;1.00;0.50;0.50;3.5;0.50;0.0;0.50;0.50;7.5;0.50;0.0;0.0;0.0;6.0;0.0;0.50;2.0;15;0.50;0.50;1.00;1.5;0.50
847575;0;368640;1;-5.4;0.0;-6.4;n/a;n/a;n/a;25;18;3.8;2290.227051;0;0.0;0.0;0.0;28;0.0;19332.675781;0;0.0;0.0;0.0;0.0;1.4;905328;1837540;16;1.1;19;0.95;0.0;0.0;0.0;7.0;0.0;2.5;0.0;0.95;0.45;13;0.45;4.0;0.0;0.45;0.95;0.0;7.0;0.0;0.0;0.0;0.0;7.5;0.0;0.45;1.5;3.0;0.0;0.0;0.95;1.5;0.0
849574;0;368640;1;-5.1;0.0;-0.67;n/a;n/a;n/a;25;18;4.0;2299.306152;0;0.0;0.0;0.0;28;0.0;17252.724609;0;0.0;0.0;0.0;0.0;1.4;905328;1837540;16;1.0;19;0.45;0.0;0.45;0.0;7.0;0.0;2.0;0.0;0.45;0.45;14;0.45;3.5;0.45;0.45;0.95;0.0;7.5;0.0;0.0;0.0;0.0;7.0;0.0;0.95;1.5;0.45;0.45;0.0;0.95;0.95;0.0
851573;0;368640;1;-5.3;0.0;-1.1;n/a;n/a;n/a;25;18;3.6;2290.227051;0;0.0;0.0;0.0;28;0.0;17184.599609;0;0.0;0.0;0.0;0.0;1.4;905328;1837540;16;1.0;19;0.95;0.0;0.0;0.0;7.0;0.0;7.5;0.45;0.45;0.45;16;0.45;4.5;0.0;0.45;0.45;0.0;7.5;0.0;0.0;0.0;0.0;2.0;0.0;1.5;0.95;0.0;0.0;0.45;1.5;0.95;0.0
853572;0;368640;1;-5.4;0.0;0.58;n/a;n/a;n/a;25;18;3.6;2299.306152;0;0.0;0.0;0.0;28;0.0;17252.724609;0;0.0;0.0;0.0;0.0;1.4;905328;1837540;16;1.0;19;0.50;0.0;0.0;0.0;7.0;0.0;7.0;0.0;0.50;0.50;15;0.50;3.5;0.50;0.50;1.00;0.0;7.5;0.0;0.0;0.0;0.0;2.0;0.0;0.50;1.5;0.50;1.00;0.50;1.00;1.5;0.50
855571;0;368640;1;-5.5;0.0;-11;n/a;n/a;n/a;25;18;4.2;2300.446289;0;0.0;0.0;0.0;28;0.0;17261.279297;0;0.0;0.0;0.0;0.0;1.4;905328;1837540;16;1.0;19;1.00;0.0;0.0;0.0;7.0;0.0;7.0;0.0;1.00;1.00;7.5;0.50;3.5;0.0;0.50;1.00;0.50;7.5;0.0;0.0;0.0;0.0;2.5;0.0;1.5;1.00;7.5;0.50;0.0;1.00;1.00;0.0
857570;0;368640;1;-5.4;0.0;4.9;n/a;n/a;n/a;25;18;6.0;2290.227051;0;0.0;0.0;0.0;28;0.0;19332.675781;0;0.0;0.0;0.0;0.0;1.4;905328;1837540;16;1.5;19;1.00;6.0;0.50;0.0;9.5;0.50;8.5;0.50;1.00;2.0;6.5;1.5;5.5;0.50;0.50;0.50;0.0;4.0;0.0;0.0;0.0;0.0;3.5;2.0;2.0;0.50;15;1.00;1.5;1.5;2.0;0.50
859569;0;368640;1;-5.4;0.0;-4.3;n/a;n/a;n/a;25;18;4.0;2293.623291;0;0.0;0.0;0.0;28;0.0;17210.083984;0;0.0;0.0;0.0;0.0;1.4;905328;1837540;16;1.2;19;1.5;8.0;0.0;0.0;8.0;0.0;0.0;0.0;0.95;0.95;10.0;0.45;4.0;0.0;0.45;0.45;0.0;0.0;0.45;0.0;0.0;0.0;2.5;8.0;1.5;0.95;7.5;0.45;1.5;0.95;1.5;0.45
861568;0;368640;1;-5.4;0.0;6.2;n/a;n/a;n/a;25;18;4.4;2290.227051;0;0.0;0.0;0.0;28;0.0;19332.675781;0;0.0;0.0;0.0;0.0;1.4;905328;1837540;16;1.1;19;0.45;8.0;0.0;0.0;7.0;0.0;0.0;7.0;0.45;0.45;0.95;0.45;4.0;0.45;0.45;0.0;0.0;0.0;0.0;0.0;0.0;0.0;2.0;0.45;0.95;0.95;15;0.45;0.0;1.5;2.0;0.45
863567;0;368640;1;-5.4;0.0;-2.0;n/a;n/a;n/a;25;18;4.4;2286.840820;0;0.0;0.0;0.0;28;0.0;17159.191406;0;0.0;0.0;0.0;0.0;1.4;905328;1837540;16;1.0;19;0.50;7.0;0.0;0.0;7.0;0.0;0.0;7.0;0.50;1.00;0.0;0.50;3.5;0.0;0.50;0.0;0.0;0.0;0.0;0.0;0.0;0.0;2.0;0.0;1.00;1.00;15;0.0;0.50;1.00;1.5;0.0
865566;0;368640;1;-5.4;0.0;3.4;n/a;n/a;n/a;25;18;4.2;2289.097168;0;0.0;0.0;0.0;28;0.0;21470.152344;0;0.0;0.0;0.0;0.0;1.4;905328;1837540;16;1.0;19;0.95;7.0;0.0;0.45;7.0;0.0;0.0;0.0;2.0;0.95;2.0;0.95;3.5;0.0;0.45;0.0;0.0;0.95;0.0;0.0;0.0;0.45;2.0;7.5;0.95;0.95;13;0.45;0.45;0.95;1.5;0.0
867565;0;368640;1;-5.5;0.0;-2.3;n/a;n/a;n/a;25;18;4.6;2289.097168;0;0.0;0.0;0.0;28;0.0;19323.136719;0;0.0;0.0;0.0;0.0;1.4;905328;1837540;16;1.0;19;1.00;0.0;0.50;0.0;7.0;0.0;0.0;2.0;0.0;0.50;3.0;0.50;4.0;0.50;0.50;0.50;0.0;7.0;0.0;0.50;0.0;0.0;2.0;5.5;1.00;1.5;12;0.0;0.0;1.00;1.00;0.0
869564;0;368640;1;-5.6;0.0;-4.7;n/a;n/a;n/a;25;18;3.6;2290.227051;0;0.0;0.0;0.0;28;0.0;17184.599609;0;0.0;0.0;0.0;0.0;1.4;905328;1837540;16;1.0;19;0.95;0.0;0.0;0.0;7.0;0.0;0.0;0.0;0.45;0.45;0.95;0.0;3.5;0.0;1.5;0.0;0.0;7.5;0.0;0.0;0.0;0.0;2.0;7.0;0.95;0.45;15;0.45;0.45;0.95;0.95;0.0
871563;0;368640;1;-5.5;0.0;6.5;n/a;n/a;n/a;25;18;4.2;2295.893066;0;0.0;0.0;0.0;28;0.0;17227.115234;0;0.0;0.0;0.0;0.0;1.4;905328;1837540;16;1.2;19;0.50;2.5;0.0;0.0;8.0;0.0;0.0;0.50;0.50;1.00;2.0;0.50;4.5;0.50;1.00;0.0;0.0;7.5;0.0;0.0;0.0;0.0;0.50;8.5;1.5;0.50;15;0.50;0.0;1.00;2.0;0.0
873561;0;368640;1;-5.4;0.0;3.1;n/a;n/a;n/a;25;18;3.8;2286.840820;0;0.0;0.0;0.0;28;0.0;19304.089844;0;0.0;0.0;0.0;0.0;1.4;905328;1837540;16;1.3;19;0.95;3.0;0.0;0.0;9.0;0.0;0.0;0.0;0.95;0.45;20;0.45;5.0;0.45;0.45;0.45;0.45;8.5;0.0;0.45;0.0;0.0;0.0;9.5;1.5;0.95;0.45;0.45;0.45;1.5;2.5;0.45
875560;0;368640;1;-5.5;0.0;1.4;n/a;n/a;n/a;25;18;4.4;2289.097168;0;0.0;0.0;0.0;28;0.0;17176.123047;0;0.0;0.0;0.0;0.0;1.4;905328;1837540;16;1.0;19;0.45;2.5;0.0;0.0;7.0;0.0;0.45;2.0;0.0;0.95;11;0.45;3.5;0.0;0.45;0.0;0.0;6.5;0.0;0.0;0.0;0.0;0.0;5.5;0.45;2.5;4.5;0.95;0.45;1.5;0.95;1.5
877559;0;368640;1;-5.5;0.0;7.1;n/a;n/a;n/a;25;18;4.2;2297.029785;0;0.0;0.0;0.0;28;0.0;19390.099609;0;0.0;0.0;0.0;0.0;1.4;905328;1837540;16;1.0;19;1.00;2.0;0.0;0.0;7.0;0.0;0.0;1.00;1.00;0.50;13;0.50;4.0;0.50;0.50;0.0;0.0;6.5;0.0;0.0;0.0;0.0;0.0;6.5;0.50;1.5;2.0;0.0;0.50;1.00;1.5;1.00
879558;0;368640;1;-5.6;0.0;1.7;n/a;n/a;n/a;25;18;3.2;2289.097168;0;0.0;0.0;0.0;28;0.0;21470.152344;0;0.0;0.0;0.0;0.0;1.4;905328;1837540;16;1.4;19;0.95;3.0;0.0;0.0;9.5;0.0;0.0;9.5;0.45;0.0;0.45;0.0;5.0;0.0;0.45;0.95;0.0;8.5;0.45;0.0;0.0;0.0;0.0;0.45;0.45;2.0;19;0.45;0.45;0.95;1.5;0.45
881557;0;368640;1;-5.5;0.0;3.0;n/a;n/a;n/a;25;18;5.0;2293.623291;0;0.0;0.0;0.0;28;0.0;17210.083984;0;0.0;0.0;0.0;0.0;1.4;905328;1837540;16;1.1;19;1.00;2.5;0.50;0.0;1.5;0.0;0.0;2.5;0.50;2.0;12;0.50;4.0;0.50;0.50;1.5;0.0;7.0;0.0;0.0;0.50;0.0;6.5;6.0;1.00;1.5;6.0;0.50;0.0;1.5;1.00;0.50
883556;0;368640;1;-5.6;0.0;2.3;n/a;n/a;n/a;25;18;4.4;2294.757568;0;0.0;0.0;0.0;28;0.0;21523.244141;0;0.0;0.0;0.0;0.0;1.4;905328;1837540;16;1.5;19;1.00;3.5;0.0;0.50;0.0;0.0;0.0;0.50;1.5;0.0;21;0.50;5.0;0.50;0.50;0.0;0.0;9.5;0.0;0.0;0.0;0.0;10;11;0.50;2.0;2.0;0.50;0.50;1.5;1.5;0.0
885555;0;368640;1;-5.5;0.0;6.6;n/a;n/a;n/a;25;18;3.4;2298.167480;0;0.0;0.0;0.0;28;0.0;17244.179688;0;0.0;0.0;0.0;0.0;1.4;905328;1837540;16;1.5;19;1.5;3.5;0.0;0.0;0.0;0.0;2.0;4.0;2.5;6.0;20;1.00;6.5;0.50;1.00;2.0;0.0;9.0;0.50;0.0;0.50;0.50;8.0;8.5;1.5;2.5;1.5;2.0;1.00;1.5;2.5;0.0
887554;0;368640;1;-5.5;0.0;-6.4;n/a;n/a;n/a;25;18;4.0;2286.840820;0;0.0;0.0;0.0;28;0.0;17159.191406;0;0.0;0.0;0.0;0.0;1.4;905328;1837540;16;1.0;19;0.45;2.0;0.0;0.0;0.0;0.0;7.5;1.5;0.0;0.95;15;0.45;3.5;0.45;0.45;0.0;0.0;6.5;0.0;0.0;0.0;0.0;0.0;5.5;0.95;2.0;0.95;0.0;0.0;1.5;0.95;0.45
889553;0;368640;1;-5.6;0.0;3.1;n/a;n/a;n/a;25;18;4.0;2294.757568;0;0.0;0.0;0.0;28;0.0;19370.919922;0;0.0;0.0;0.0;0.0;1.4;905328;1837540;16;0.98;19;1.00;2.5;0.0;0.0;0.0;0.0;7.0;0.0;0.0;1.00;15;0.50;3.5;0.0;1.00;0.50;0.0;6.5;0.0;0.50;0.0;0.0;0.0;7.0;0.0;1.00;1.00;0.50;0.50;1.00;1.00;0.0
891552;0;368640;1;-5.5;0.0;4.2;n/a;n/a;n/a;25;18;4.0;2285.714355;0;0.0;0.0;0.0;28;0.0;19294.582031;0;0.0;0.0;0.0;0.0;1.4;905328;1837540;16;1.5;19;1.00;3.5;0.0;0.0;0.0;0.0;10;0.50;2.0;1.00;7.0;0.50;5.5;0.0;0.50;0.0;0.0;9.5;0.0;0.0;0.0;0.0;0.0;11;0.50;1.00;15;0.0;0.50;2.0;2.0;0.50
893551;0;368640;1;-5.5;0.0;4.5;n/a;n/a;n/a;25;18;3.8;2287.968506;0;0.0;0.0;0.0;28;0.0;19313.609375;0;0.0;0.0;0.0;0.0;1.4;905328;1837540;16;0.98;19;0.45;2.0;0.0;0.0;0.0;0.0;0.45;5.5;0.45;0.95;7.0;0.95;4.0;0.45;0.95;0.0;0.0;6.0;0.45;0.45;0.45;0.0;0.0;7.0;0.45;1.5;8.5;0.45;0.0;0.95;0.95;0.0
895550;0;368640;1;-5.5;0.0;0.17;n/a;n/a;n/a;25;18;4.0;2294.757568;0;0.0;0.0;0.0;28;0.0;17218.595703;0;0.0;0.0;0.0;0.0;1.4;905328;1837540;16;0.98;19;0.95;6.5;0.45;0.0;0.0;0.0;0.0;6.0;0.95;2.0;0.45;0.0;3.5;0.0;0.0;0.45;0.0;2.5;0.0;0.0;0.0;0.0;0.0;7.5;0.0;2.5;15;0.95;0.45;2.0;1.5;0.45
897549;0;368640;1;-5.5;0.0;5.0;n/a;n/a;n/a;25;18;3.4;2294.757568;0;0.0;0.0;0.0;28;0.0;17218.595703;0;0.0;0.0;0.0;0.0;1.4;905328;1837540;16;0.97;19;1.00;6.5;0.0;0.0;0.50;0.0;0.0;5.5;0.0;0.50;0.0;0.0;4.0;0.0;0.50;0.0;0.50;2.0;0.0;0.50;0.0;0.0;0.0;7.5;0.50;1.5;15;0.0;1.00;1.00;2.0;0.0
899548;0;368640;1;-5.5;0.0;3.1;n/a;n/a;n/a;25;18;4.6;2289.097168;0;0.0;0.0;0.0;28;0.0;17176.123047;0;0.0;0.0;0.0;0.0;1.4;905328;1837540;16;0.98;19;1.00;6.5;0.0;0.50;0.0;0.50;0.0;6.0;0.50;0.50;0.50;0.50;3.5;0.0;0.50;0.0;0.0;2.0;0.0;0.0;0.0;0.0;0.0;7.5;0.50;1.00;15;0.50;0.0;1.5;1.00;1.00
901547;0;368640;1;-5.5;0.0;5.0;n/a;n/a;n/a;25;18;3.8;2292.490234;0;0.0;0.0;0.0;28;0.0;19351.779297;0;0.0;0.0;0.0;0.0;1.4;905328;1837540;16;0.98;19;0.50;4.5;0.0;0.0;0.0;0.0;0.0;6.5;1.00;1.00;0.0;1.00;3.5;1.00;0.50;0.0;0.0;4.0;0.0;0.0;0.0;0.0;0.0;6.5;0.0;1.5;15;0.0;0.50;1.00;1.00;0.50
903546;0;368640;1;-5.5;0.0;4.4;n/a;n/a;n/a;25;18;4.4;2289.097168;0;0.0;0.0;0.0;28;0.0;17176.123047;0;0.0;0.0;0.0;0.0;1.4;905328;1837540;16;0.97;19;0.95;2.0;0.0;0.0;0.45;0.0;0.0;7.5;0.45;0.45;0.45;0.45;4.0;0.45;0.45;0.45;0.0;6.5;0.0;0.0;0.0;0.0;0.0;6.0;0.45;0.95;15;0.45;0.45;0.95;1.5;0.45
905545;0;368640;1;-5.5;0.0;-5.5;n/a;n/a;n/a;25;18;4.2;2290.227051;0;0.0;0.0;0.0;28;0.0;17184.599609;0;0.0;0.0;0.0;0.0;1.4;905328;1837540;16;0.98;19;0.50;2.0;0.0;0.0;0.0;0.0;0.0;7.0;0.50;0.0;0.0;0.0;3.5;0.50;0.50;0.0;0.0;6.5;0.0;0.0;0.0;0.0;0.0;6.0;0.0;0.50;15;0.0;0.50;1.00;1.00;0.0
907544;0;368640;1;-5.5;0.0;-8.1;n/a;n/a;n/a;25;18;4.2;2287.968506;0;0.0;0.0;0.0;28;0.0;17167.652344;0;0.0;0.0;0.0;0.0;1.4;905328;1837540;16;1.0;19;6.5;6.5;0.50;0.50;0.50;0.50;0.50;7.5;1.00;1.5;14;1.00;4.5;0.50;0.50;0.50;1.5;3.0;0.50;0.0;0.50;0.50;0.50;1.00;2.0;2.0;2.5;1.00;1.00;1.5;1.5;1.00
909543;0;368640;1;-5.5;0.0;4.1;n/a;n/a;n/a;25;18;3.6;2289.097168;0;0.0;0.0;0.0;28;0.0;17176.123047;0;0.0;0.0;0.0;0.0;1.4;905328;1837540;16;1.0;19;8.0;6.5;0.45;0.0;0.0;0.0;0.0;7.0;0.0;0.45;7.0;0.0;3.5;0.45;0.45;0.45;0.0;2.0;0.0;0.0;0.0;0.0;0.0;0.0;0.95;0.45;10;0.0;0.45;1.5;1.5;0.95
911542;0;368640;1;-5.5;0.0;-5.3;n/a;n/a;n/a;25;18;3.8;2292.490234;0;0.0;0.0;0.0;28;0.0;21501.976562;0;0.0;0.0;0.0;0.0;1.4;905328;1837540;16;1.4;19;10.0;9.5;0.0;0.0;0.0;0.0;0.0;3.0;1.5;1.5;7.0;0.45;5.0;0.0;0.95;0.45;0.0;3.5;7.0;0.45;0.0;0.0;0.0;0.0;0.95;0.95;14;0.45;0.0;2.0;2.5;0.0
913541;0;368640;1;-5.5;0.0;0.76;n/a;n/a;n/a;25;18;4.4;2295.893066;0;0.0;0.0;0.0;28;0.0;19380.503906;0;0.0;0.0;0.0;0.0;1.4;905328;1837540;16;0.98;19;7.5;6.5;1.5;0.0;0.0;0.0;0.0;0.0;0.0;0.0;15;0.0;4.5;0.0;0.50;0.0;0.0;0.50;6.0;0.0;0.0;0.0;0.0;0.0;0.50;1.5;0.50;0.0;0.50;1.5;1.5;0.50
915540;0;368640;1;-5.5;0.0;15;n/a;n/a;n/a;25;18;4.2;2289.097168;0;0.0;0.0;0.0;28;0.0;19323.136719;0;0.0;0.0;0.0;0.0;1.4;905328;1837540;16;1.0;19;7.0;7.0;2.0;0.0;0.0;0.0;0.0;0.45;0.45;0.95;0.0;0.45;3.5;0.0;0.45;0.45;0.0;0.0;6.0;0.0;0.0;0.0;0.0;0.0;0.0;0.45;16;0.45;0.0;0.95;0.95;0.0
917539;0;368640;1;-5.5;0.0;-0.18;n/a;n/a;n/a;25;18;3.8;2291.357910;0;0.0;0.0;0.0;28;0.0;17193.085938;0;0.0;0.0;0.0;0.0;1.4;905328;1837540;16;0.98;19;2.5;7.5;2.5;0.50;0.50;0.0;0.0;0.0;0.50;0.50;0.50;0.50;4.5;0.50;1.00;0.0;5.5;0.50;6.0;0.0;0.0;0.0;0.0;0.0;2.0;2.0;14;0.50;1.00;1.00;1.5;0.0
919538;0;368640;1;-5.5;0.0;-2.9;n/a;n/a;n/a;25;18;4.8;2280.098389;0;0.0;0.0;0.0;28;0.0;17108.599609;0;0.0;0.0;0.0;0.0;1.4;905328;1837540;16;0.98;19;7.5;7.0;2.0;0.0;0.0;0.0;0.50;0.0;0.50;0.50;0.0;0.50;4.0;0.0;1.00;0.0;0.0;0.0;6.0;0.0;0.0;0.0;0.0;0.0;0.50;1.5;15;0.50;1.00;1.5;1.00;0.50
921537;0;368640;1;-5.5;0.0;9.5;n/a;n/a;n/a;25;18;4.6;2289.097168;0;0.0;0.0;0.0;28;0.0;21470.152344;0;0.0;0.0;0.0;0.0;1.4;905328;1837540;16;0.97;19;5.0;7.0;3.5;0.0;0.0;0.50;0.0;0.0;0.50;0.50;6.0;0.50;3.5;0.50;0.50;0.0;2.5;0.0;5.0;0.0;0.0;0.0;0.0;0.0;1.5;1.00;9.5;0.0;1.00;1.00;1.5;0.0
923536;0;368640;1;-5.5;0.0;-2.6;n/a;n/a;n/a;25;18;4.0;2284.588867;0;0.0;0.0;0.0;28;0.0;21427.867188;0;0.0;0.0;0.0;0.0;1.4;905328;1837540;16;1.0;19;0.95;7.5;6.0;0.0;0.0;0.0;0.0;0.0;0.0;0.45;0.45;0.45;3.5;0.0;0.0;0.0;7.0;0.0;2.0;0.0;0.0;0.0;0.0;0.0;0.45;1.5;15;0.45;0.45;0.95;1.5;0.45
925535;0;368640;1;-5.5;0.0;6.2;n/a;n/a;n/a;25;18;4.8;2289.097168;0;0.0;0.0;0.0;28;0.0;17176.123047;0;0.0;0.0;0.0;0.0;1.4;905328;1837540;16;1.0;19;1.00;7.5;5.5;0.50;0.50;0.0;0.0;0.0;2.0;1.5;4.5;1.5;5.0;1.00;1.00;1.00;7.0;0.0;3.5;0.50;0.50;0.50;0.50;0.0;1.5;4.5;12;1.5;10;2.0;2.5;0.50
927534;0;368640;1;-5.5;0.0;2.3;n/a;n/a;n/a;25;18;4.6;2292.490234;0;0.0;0.0;0.0;28;0.0;17201.580078;0;0.0;0.0;0.0;0.0;1.4;905328;1837540;16;0.97;19;6.0;7.0;2.5;0.50;0.0;0.0;0.0;0.0;0.50;1.5;13;0.50;3.5;0.50;1.5;0.0;2.0;0.0;6.0;0.0;0.50;0.0;0.0;0.50;2.0;2.0;1.5;0.50;2.0;1.5;1.00;0.50
929533;0;368640;1;-5.5;0.0;-4.3;n/a;n/a;n/a;25;18;3.8;2298.167480;0;0.0;0.0;0.0;28;0.0;19399.703125;0;0.0;0.0;0.0;0.0;1.4;905328;1837540;16;0.98;19;7.0;6.5;4.0;0.0;0.0;0.0;0.0;0.0;0.45;0.45;7.5;0.45;4.0;0.0;0.95;0.45;0.0;0.0;4.0;0.0;0.0;0.0;0.0;0.0;0.45;2.0;8.0;0.0;0.0;0.95;0.95;0.45
931532;0;368640;1;-5.5;0.0;7.1;n/a;n/a;n/a;25;18;3.8;2293.623291;0;0.0;0.0;0.0;28;0.0;17210.083984;0;0.0;0.0;0.0;0.0;1.4;905328;1837540;16;0.98;19;6.0;7.0;6.5;0.45;0.0;0.45;0.45;0.0;0.45;0.95;4.0;0.45;3.5;0.45;1.5;0.0;1.5;0.45;1.5;0.0;0.0;0.0;0.0;0.0;0.45;3.0;11;0.45;0.45;1.5;1.5;0.45
933531;0;368640;1;-5.6;0.0;-1.5;n/a;n/a;n/a;25;18;3.2;2292.490234;20;0.0;0.0;0.0;28;0.0;17201.580078;0;0.0;0.0;0.0;0.0;1.4;905328;1837540;16;1.0;19;1.00;7.0;6.5;2.0;0.0;0.0;0.0;0.0;0.50;0.50;0.50;0.50;4.0;0.50;0.50;0.50;7.0;0.0;0.0;0.0;0.0;0.0;0.0;0.0;0.50;2.0;15;0.0;0.0;0.50;2.0;0.50
935530;0;368640;1;-5.6;0.0;1.4;n/a;n/a;n/a;25;18;5.2;2284.588867;0;0.0;0.0;0.0;28;0.0;17142.294922;0;0.0;0.0;0.0;0.0;1.4;905328;1837540;16;0.97;19;7.5;4.0;6.0;2.0;0.0;0.0;0.0;0.0;0.0;0.0;0.45;0.0;3.5;0.0;0.45;0.45;0.0;2.5;0.0;0.0;0.0;0.0;0.0;0.0;0.45;2.0;15;0.95;0.45;0.95;1.5;0.45
937529;0;368640;1;-5.5;0.0;2.4;n/a;n/a;n/a;25;18;4.4;2281.219238;0;0.0;0.0;0.0;28;0.0;19256.636719;0;0.0;0.0;0.0;0.0;1.4;905328;1837540;16;1.0;19;3.0;5.0;5.5;0.50;0.50;0.0;0.0;0.0;1.5;1.00;12;0.50;3.5;0.50;0.50;0.0;5.0;2.0;1.5;1.5;0.0;0.50;0.0;0.0;2.0;1.5;3.0;0.50;1.00;1.5;1.5;0.50
939528;0;368640;1;-5.5;0.0;2.8;n/a;n/a;n/a;25;18;5.0;2290.227051;0;0.0;0.0;0.0;28;0.0;19332.675781;0;0.0;0.0;0.0;0.0;1.4;905328;1837540;16;0.98;19;7.0;7.0;0.45;2.0;0.0;0.0;0.0;0.0;1.5;0.95;15;0.45;4.0;0.0;0.95;0.45;0.0;0.0;6.5;0.45;0.0;0.0;0.0;0.0;2.0;0.95;0.45;0.45;0.0;1.5;1.5;0.0
941527;0;368640;1;-5.5;0.0;-0.62;n/a;n/a;n/a;25;18;3.6;2289.097168;0;0.0;0.0;0.0;28;0.0;17176.123047;0;0.0;0.0;0.0;0.0;1.4;905328;1837540;16;0.97;19;6.0;6.5;0.0;2.0;0.0;0.0;0.0;0.0;0.0;0.45;13;0.95;3.5;0.45;0.0;0.0;0.0;1.5;6.0;0.95;0.0;0.0;0.0;0.0;2.5;0.95;2.5;0.0;0.45;0.95;1.5;0.45
943526;0;368640;1;-5.5;0.0;2.9;n/a;n/a;n/a;25;18;4.0;2292.490234;0;0.0;0.0;0.0;28;0.0;19351.779297;0;0.0;0.0;0.0;0.0;1.4;905328;1837540;16;1.0;19;0.50;7.5;0.50;2.0;0.0;0.0;0.0;0.0;1.00;1.00;1.00;0.50;3.5;0.0;0.50;0.0;0.0;6.5;6.5;0.0;1.00;0.0;0.0;0.0;1.5;1.00;15;0.50;0.0;1.5;1.00;0.0
945525;0;368640;1;-5.5;0.0;-5.8;n/a;n/a;n/a;25;18;4.2;2290.227051;0;0.0;0.0;0.0;28;0.0;17184.599609;0;0.0;0.0;0.0;0.0;1.4;905328;1837540;16;1.0;19;0.45;7.5;0.0;0.0;2.0;0.0;0.0;0.0;0.45;0.45;15;0.45;3.5;0.45;0.45;0.0;0.0;6.5;6.5;0.0;0.95;0.0;0.0;0.0;0.45;2.0;0.0;0.45;0.45;0.95;1.5;0.45
947524;0;368640;1;-5.5;0.0;2.7;n/a;n/a;n/a;25;18;4.0;2284.588867;0;0.0;0.0;0.0;28;0.0;17142.294922;0;0.0;0.0;0.0;0.0;1.4;905328;1837540;16;1.0;19;1.00;6.5;4.5;0.0;2.0;0.0;0.0;0.50;1.5;1.5;14;0.50;4.0;0.0;0.50;0.50;0.0;2.5;6.5;0.0;1.00;0.50;1.00;0.0;1.00;3.0;2.0;0.50;0.0;1.00;1.00;0.0
949523;0;368640;1;-5.6;0.0;0.11;n/a;n/a;n/a;25;18;3.6;2284.588867;0;0.0;0.0;0.0;28;0.0;17142.294922;0;0.0;0.0;0.0;0.0;1.4;905328;1837540;16;0.98;19;0.45;7.0;7.0;0.0;0.95;0.0;1.5;0.0;0.45;0.95;4.5;0.0;4.0;0.45;0.45;0.0;0.0;0.0;6.5;0.0;0.0;0.0;0.0;0.95;1.5;2.0;10;0.45;0.45;0.95;1.5;0.0
951522;0;368640;1;-5.5;0.0;-6.3;n/a;n/a;n/a;25;18;4.2;2289.097168;0;0.0;0.0;0.0;28;0.0;17176.123047;0;0.0;0.0;0.0;0.0;1.4;905328;1837540;16;1.0;19;1.00;7.0;6.0;0.50;0.0;0.0;0.50;0.0;1.00;0.50;0.50;1.00;3.5;0.0;0.50;0.50;0.0;0.0;7.0;0.50;0.0;0.0;0.0;2.0;1.00;1.00;15;0.50;0.50;1.5;1.00;0.50
953521;0;368640;1;-5.6;0.0;9.3;n/a;n/a;n/a;25;18;4.6;2286.840820;0;0.0;0.0;0.0;28;0.0;21448.990234;0;0.0;0.0;0.0;0.0;1.4;905328;1837540;16;1.0;19;0.95;7.5;7.0;7.0;0.45;0.0;0.95;0.0;0.45;0.45;0.0;0.0;3.5;0.45;0.45;0.0;0.45;0.0;0.0;0.45;0.0;0.0;0.0;2.0;1.5;2.0;15;0.45;0.0;0.95;0.95;0.45
955520;0;368640;1;-5.6;0.0;12;n/a;n/a;n/a;25;18;3.4;2291.357910;0;0.0;0.0;0.0;28;0.0;23640.494141;0;0.0;0.0;0.0;0.0;1.4;905328;1837540;16;1.0;19;1.5;7.5;6.5;0.0;0.0;0.0;0.0;0.0;0.50;0.0;8.0;0.50;3.5;0.0;0.50;0.0;0.0;0.0;0.0;6.5;0.0;0.0;0.0;1.5;2.0;0.50;7.5;0.50;0.50;1.00;1.5;0.0
957519;0;368640;1;-5.6;0.0;8.7;n/a;n/a;n/a;25;18;4.4;2291.357910;0;0.0;0.0;0.0;28;0.0;19342.222656;0;0.0;0.0;0.0;0.0;1.4;905328;1837540;16;1.0;19;1.5;3.0;6.5;3.5;0.45;0.0;0.45;1.5;1.5;0.95;0.95;0.45;4.0;0.45;0.45;0.45;0.0;4.5;0.45;3.5;0.0;0.0;0.0;0.45;2.5;0.45;15;0.45;0.45;1.5;1.5;0.45
959518;0;368640;1;-5.5;0.0;11;n/a;n/a;n/a;25;18;3.4;2294.757568;0;0.0;0.0;0.0;28;0.0;17218.595703;0;0.0;0.0;0.0;0.0;1.4;905328;1837540;16;1.0;19;0.45;0.0;0.0;7.0;0.95;0.0;0.0;2.0;0.45;0.45;0.45;0.0;3.5;0.45;0.45;0.0;0.0;7.0;7.0;0.0;0.0;0.0;0.0;0.0;2.0;0.95;15;0.45;0.0;0.95;0.95;0.0
961517;0;368640;1;-5.5;0.0;-3.7;n/a;n/a;n/a;25;18;4.0;2290.227051;0;0.0;0.0;0.0;28;0.0;17184.599609;0;0.0;0.0;0.0;0.0;1.4;905328;1837540;16;1.0;19;0.95;0.45;0.0;2.0;0.95;0.95;0.0;2.0;0.95;0.95;0.45;0.45;3.5;0.45;0.45;0.45;0.0;7.5;7.5;6.0;0.45;0.95;0.45;0.45;1.5;0.95;15;0.45;0.45;1.5;1.5;0.45
963516;0;368640;1;-5.5;0.0;9.2;n/a;n/a;n/a;25;18;4.2;2294.757568;0;0.0;0.0;0.0;28;0.0;17218.595703;0;0.0;0.0;0.0;0.0;1.4;905328;1837540;16;1.1;19;1.00;0.0;0.0;0.50;0.0;0.0;0.0;2.5;0.50;1.00;0.0;0.50;4.0;0.0;0.50;0.0;0.0;8.0;7.5;8.0;0.0;0.0;0.0;0.0;2.0;1.5;18;1.00;1.00;1.5;2.0;1.00
965515;0;368640;1;-5.5;0.0;9.5;n/a;n/a;n/a;25;18;4.4;2287.968506;0;0.0;0.0;0.0;28;0.0;17167.652344;0;0.0;0.0;0.0;0.0;1.4;905328;1837540;16;1.0;19;0.50;0.50;0.0;6.5;0.0;0.0;0.0;2.0;1.00;1.00;0.50;0.0;3.5;0.50;0.50;0.50;0.0;7.0;7.0;0.0;0.0;0.0;0.0;0.0;1.5;0.0;15;0.0;0.50;1.5;1.5;0.0
967514;0;368640;1;-5.5;0.0;13;n/a;n/a;n/a;25;18;5.2;2292.490234;0;0.0;0.0;0.0;28;0.0;17201.580078;0;0.0;0.0;0.0;0.0;1.4;905328;1837540;16;1.0;19;1.5;0.0;0.50;7.0;0.0;0.50;0.0;2.0;1.00;1.5;0.50;0.50;4.0;0.50;1.00;0.50;0.50;7.5;7.0;0.50;0.50;0.0;0.0;0.0;3.0;1.5;15;1.00;0.0;1.5;1.00;1.00
969513;0;368640;1;-5.5;0.0;-1.7;n/a;n/a;n/a;25;18;4.2;2286.840820;0;0.0;0.0;0.0;28;0.0;17159.191406;0;0.0;0.0;0.0;0.0;1.4;905328;1837540;16;1.4;19;0.95;0.45;0.0;10.0;0.0;0.0;0.0;0.45;0.45;0.45;0.45;0.95;5.0;0.0;0.45;0.0;0.0;9.5;10.0;0.0;0.0;0.0;0.0;3.0;0.45;2.5;19;0.45;0.45;0.95;2.0;1.5
971512;0;368640;1;-5.5;0.0;4.7;n/a;n/a;n/a;25;18;4.0;2300.446289;0;0.0;0.0;0.0;28;0.0;17261.279297;0;0.0;0.0;0.0;0.0;1.4;905328;1837540;16;1.1;19;0.95;0.0;0.0;5.5;0.45;0.0;0.45;0.0;0.45;0.45;14;0.45;4.0;0.45;0.45;0.0;0.0;7.5;7.5;2.5;0.0;0.0;0.0;2.0;0.45;1.5;3.0;0.0;0.0;0.95;0.95;1.5
973511;0;368640;1;-5.6;0.0;4.8;n/a;n/a;n/a;25;18;4.2;2286.840820;0;0.0;0.0;0.0;28;0.0;19304.089844;0;0.0;0.0;0.0;0.0;1.4;905328;1837540;16;1.0;19;1.00;6.5;6.0;0.0;0.0;0.0;0.0;0.0;1.00;2.0;15;0.50;4.0;0.0;0.50;0.50;0.0;1.00;1.00;7.0;0.0;0.0;0.0;2.0;1.00;1.5;0.50;0.50;0.50;1.5;1.5;0.50
975510;0;368640;1;-5.5;0.0;-0.36;n/a;n/a;n/a;25;18;4.0;2300.446289;0;0.0;0.0;0.0;28;0.0;19418.939453;0;0.0;0.0;0.0;0.0;1.4;905328;1837540;16;1.0;19;0.45;7.5;7.0;0.0;0.0;0.0;0.0;0.45;0.45;0.45;15;0.0;3.0;0.0;0.45;0.0;0.0;0.0;0.0;7.0;0.0;0.0;0.45;2.0;0.95;0.95;0.45;0.0;0.0;0.95;0.95;0.0
977509;0;368640;1;-5.5;0.0;6.9;n/a;n/a;n/a;25;18;3.4;2290.227051;0;0.0;0.0;0.0;28;0.0;17184.599609;0;0.0;0.0;0.0;0.0;1.4;905328;1837540;16;1.0;19;0.95;3.5;5.0;0.0;0.0;0.0;0.45;0.0;0.45;0.45;14;0.0;4.0;0.45;0.45;0.45;0.45;4.0;2.0;7.0;0.0;0.45;0.0;2.5;2.0;2.0;2.0;0.95;0.95;1.5;1.5;0.0
979508;0;368640;1;-5.5;0.0;4.0;n/a;n/a;n/a;25;18;6.0;2290.227051;0;0.0;0.0;0.0;28;0.0;21480.750000;0;0.0;0.0;0.0;0.0;1.4;905328;1837540;16;1.0;19;0.50;0.0;0.0;0.0;0.0;0.0;0.0;0.0;0.50;1.00;0.0;0.0;3.5;0.0;0.50;0.0;0.0;7.5;7.5;7.0;0.0;0.0;0.0;1.5;1.5;1.00;15;0.0;0.50;1.00;1.5;1.00
981507;0;368640;1;-5.5;0.0;5.1;n/a;n/a;n/a;25;18;3.6;2297.029785;0;0.0;0.0;0.0;28;0.0;17235.644531;0;0.0;0.0;0.0;0.0;1.4;905328;1837540;16;1.0;19;0.50;0.0;0.0;0.0;0.0;0.0;0.0;0.0;0.0;0.50;13;0.50;3.5;0.0;0.50;0.0;0.0;7.5;7.0;7.0;0.0;0.0;0.0;2.0;0.50;0.0;1.5;0.50;0.0;1.00;1.00;0.50
983506;0;368640;1;-5.5;0.0;-6.4;n/a;n/a;n/a;25;18;5.8;2297.029785;0;0.0;0.0;0.0;28;0.0;19390.099609;0;0.0;0.0;0.0;0.0;1.4;905328;1837540;16;1.0;19;0.95;6.0;0.45;0.45;0.0;0.0;0.0;1.5;0.45;0.45;4.0;0.45;4.0;0.45;0.95;0.0;0.0;1.5;7.0;7.0;0.0;0.0;0.0;0.95;1.5;2.5;12;0.45;0.0;1.5;0.95;0.0
985505;0;368640;1;-5.5;0.0;6.3;n/a;n/a;n/a;25;18;3.4;2287.968506;20;0.0;0.0;0.0;28;0.0;19313.609375;0;0.0;0.0;0.0;0.0;1.4;905328;1837540;16;1.5;19;1.00;10;0.0;11;0.0;0.0;0.0;2.0;0.50;0.50;21;0.0;5.0;0.0;1.00;0.50;0.0;0.0;10;0.0;0.0;0.0;0.0;1.5;0.50;1.00;0.50;0.0;0.50;1.00;3.0;0.50
987504;0;368640;1;-5.5;0.0;-1.1;n/a;n/a;n/a;25;18;3.8;2285.714355;0;0.0;0.0;0.0;28;0.0;17150.738281;0;0.0;0.0;0.0;0.0;1.4;905328;1837540;16;1.0;19;1.00;7.5;0.0;7.0;0.50;0.0;0.0;0.0;1.00;1.5;14;0.50;4.0;0.0;0.0;0.0;0.0;0.0;7.0;0.0;0.0;0.0;0.0;2.0;1.5;2.0;2.0;1.00;0.50;1.00;2.0;0.50
989503;0;368640;1;-5.6;0.0;1.9;n/a;n/a;n/a;25;18;4.4;2293.623291;0;0.0;0.0;0.0;28;0.0;19361.343750;0;0.0;0.0;0.0;0.0;1.4;905328;1837540;16;1.1;19;1.00;7.5;0.0;7.5;0.0;0.0;0.0;1.00;0.50;0.50;0.0;0.50;3.5;0.0;0.50;0.0;0.0;0.0;7.0;0.0;0.0;0.0;0.0;1.00;1.00;0.50;17;0.0;0.50;1.5;2.0;0.50
991502;0;368640;1;-5.5;0.0;5.2;n/a;n/a;n/a;25;18;3.8;2294.757568;0;0.0;0.0;0.0;28;0.0;19370.919922;0;0.0;0.0;0.0;0.0;1.4;905328;1837540;16;1.5;19;0.95;10.0;0.0;10;0.0;0.0;0.0;2.0;0.45;0.45;0.0;0.0;5.0;0.45;0.95;0.0;0.0;0.0;10.0;0.0;0.45;0.0;0.0;2.0;1.5;0.45;21;0.45;0.45;0.95;3.0;0.45
993501;0;368640;1;-5.5;0.0;2.9;n/a;n/a;n/a;25;18;4.2;2286.840820;0;0.0;0.0;0.0;28;0.0;17159.191406;0;0.0;0.0;0.0;0.0;1.4;905328;1837540;16;1.5;19;1.5;10;4.5;10.0;0.0;0.45;0.0;2.5;3.5;0.95;2.5;0.95;6.0;0.45;0.45;0.45;0.0;0.0;5.5;0.95;0.0;0.0;0.0;1.5;1.5;2.0;21;0.95;0.95;2.0;2.0;0.45
995500;0;368640;1;-5.5;0.0;4.7;n/a;n/a;n/a;25;18;4.8;2297.029785;0;0.0;0.0;0.0;28;0.0;19390.099609;0;0.0;0.0;0.0;0.0;1.4;905328;1837540;16;1.0;19;0.50;7.0;0.0;0.0;0.0;0.0;0.0;1.5;0.50;0.50;14;0.50;3.5;0.0;0.50;0.0;0.0;0.0;7.5;7.0;0.0;0.0;0.0;0.0;0.0;0.50;0.0;0.0;1.5;1.00;1.00;0.0
997499;0;368640;1;-5.5;0.0;-2.7;n/a;n/a;n/a;25;18;3.6;2283.464600;0;0.0;0.0;0.0;28;0.0;17133.857422;0;0.0;0.0;0.0;0.0;1.4;905328;1837540;16;1.1;19;1.00;8.0;0.50;1.5;0.0;0.0;0.0;2.5;1.5;1.00;13;0.50;4.0;0.0;0.50;0.0;0.50;0.0;7.0;7.0;0.0;0.0;0.0;0.0;2.0;1.5;4.0;0.50;0.50;2.0;2.0;0.50
999498;0;368640;1;-5.5;0.0;4.8;n/a;n/a;n/a;25;18;3.8;2292.490234;0;0.0;0.0;0.0;28;0.0;17201.580078;0;0.0;0.0;0.0;0.0;1.4;905328;1837540;16;1.0;19;0.95;7.5;0.0;5.0;0.0;0.0;0.0;1.5;0.45;0.45;0.45;0.45;3.5;0.0;0.45;0.0;0.0;0.0;7.5;2.5;0.0;0.0;0.0;0.0;2.5;0.45;15;0.0;0.95;0.95;1.5;0.45
1001497;0;368640;1;-5.5;0.0;0.21;n/a;n/a;n/a;25;18;4.0;2291.357910;0;0.0;0.0;0.0;28;0.0;17193.085938;0;0.0;0.0;0.0;0.0;1.4;905328;1837540;16;1.0;19;0.45;7.5;0.0;6.5;0.0;0.0;0.0;2.0;0.45;0.45;0.45;0.95;3.5;0.0;0.45;0.0;0.0;0.0;7.0;0.0;0.0;0.0;0.0;0.0;0.45;0.0;15;0.45;0.0;1.5;0.95;0.0
1003496;0;368640;1;-5.5;0.0;0.28;n/a;n/a;n/a;25;18;3.8;2287.968506;0;0.0;0.0;0.0;28;0.0;21459.566406;0;0.0;0.0;0.0;0.0;1.4;905328;1837540;16;1.4;19;1.00;10;0.0;3.0;0.0;0.0;0.0;3.0;0.50;1.00;14;1.00;5.0;0.50;2.0;0.50;0.0;0.0;9.5;0.0;0.0;7.0;0.0;1.5;2.5;1.5;6.0;0.0;0.50;1.5;1.5;0.0
1005495;0;368640;1;-5.6;0.0;6.6;n/a;n/a;n/a;25;18;3.2;2286.840820;20;0.0;0.0;0.0;28;0.0;21448.990234;0;0.0;0.0;0.0;0.0;1.4;905328;1837540;16;1.1;19;0.95;7.5;0.0;0.0;0.0;0.0;0.0;7.5;0.45;0.45;17;0.0;4.0;0.0;0.45;0.95;0.0;0.0;7.5;0.0;0.0;0.0;0.0;2.0;1.5;1.5;0.0;0.45;0.0;1.5;0.95;0.45
1007494;0;368640;1;-5.5;0.0;7.1;n/a;n/a;n/a;25;18;4.0;2292.490234;0;0.0;0.0;0.0;28;0.0;17201.580078;0;0.0;0.0;0.0;0.0;1.4;905328;1837540;16;1.0;19;0.95;7.5;0.0;0.0;0.0;0.0;0.0;7.0;0.45;0.95;10;0.95;4.0;0.45;0.45;0.95;0.45;0.45;7.0;0.0;0.0;0.0;0.0;3.0;0.95;2.0;6.0;0.45;0.45;0.95;1.5;0.0
1009493;0;368640;1;-5.5;0.0;-0.25;n/a;n/a;n/a;25;18;4.6;2283.464600;0;0.0;0.0;0.0;28;0.0;19275.589844;0;0.0;0.0;0.0;0.0;1.4;905328;1837540;16;1.0;19;0.45;7.5;0.0;0.0;0.0;0.0;0.0;2.0;0.45;0.0;0.45;0.45;3.0;0.0;0.45;0.95;0.0;0.0;7.0;0.0;0.0;0.0;0.0;7.0;0.45;2.0;15;0.0;1.5;1.5;0.95;0.0
1011492;0;368640;1;-5.5;0.0;-3.9;n/a;n/a;n/a;25;18;3.6;2285.714355;0;0.0;0.0;0.0;28;0.0;19294.582031;0;0.0;0.0;0.0;0.0;1.4;905328;1837540;16;1.2;19;1.00;8.5;0.0;0.0;0.0;0.0;0.0;2.5;0.50;0.0;0.0;0.0;4.5;0.0;0.50;0.0;0.0;0.0;8.0;0.0;0.0;0.0;0.0;8.5;0.0;0.0;18;0.50;2.0;1.00;1.00;0.0
1013491;0;368640;1;-5.5;0.0;3.9;n/a;n/a;n/a;25;18;4.0;2291.357910;0;0.0;0.0;0.0;28;0.0;19342.222656;0;0.0;0.0;0.0;0.0;1.4;905328;1837540;16;1.0;19;0.95;7.5;0.45;0.0;0.0;0.0;0.0;2.0;0.95;0.95;0.45;0.45;4.5;0.45;0.45;0.45;0.0;0.0;7.5;0.45;0.45;0.0;0.0;7.5;2.0;0.45;15;0.45;1.5;1.5;1.5;0.0
1015490;0;368640;1;-5.5;0.0;4.4;n/a;n/a;n/a;25;18;4.4;2282.341309;0;0.0;0.0;0.0;28;0.0;17125.429688;0;0.0;0.0;0.0;0.0;1.4;905328;1837540;16;1.1;19;0.50;7.5;0.0;0.0;0.0;0.0;0.0;2.0;0.0;0.50;0.0;0.0;3.5;0.50;0.50;0.0;0.0;0.0;7.0;0.0;0.0;0.0;0.0;7.5;0.0;0.50;15;0.50;1.00;1.00;1.5;0.0
1017489;0;368640;1;-5.5;0.0;4.1;n/a;n/a;n/a;25;18;4.0;2292.490234;0;0.0;0.0;0.0;28;0.0;17201.580078;0;0.0;0.0;0.0;0.0;1.4;905328;1837540;16;1.1;19;0.95;7.5;0.0;0.0;0.0;0.45;0.0;7.0;0.45;0.45;13;0.0;4.5;0.0;0.45;0.0;0.0;0.0;7.0;0.0;0.0;0.0;0.0;3.0;0.95;0.95;3.0;0.45;1.5;0.95;2.5;0.0
1019488;0;368640;1;-5.5;0.0;4.4;n/a;n/a;n/a;25;18;3.6;2289.097168;0;0.0;0.0;0.0;28;0.0;17176.123047;0;0.0;0.0;0.0;0.0;1.4;905328;1837540;16;1.0;19;1.00;7.5;0.0;0.0;0.50;0.0;0.50;7.5;0.50;1.00;9.0;1.00;4.0;1.00;0.50;0.50;0.50;0.0;7.0;0.0;0.0;0.0;0.50;2.0;0.0;1.5;6.5;0.50;1.00;1.00;1.00;0.50
1021487;0;368640;1;-5.5;0.0;1.5;n/a;n/a;n/a;25;18;3.6;2287.968506;0;0.0;0.0;0.0;28;0.0;17167.652344;0;0.0;0.0;0.0;0.0;1.4;905328;1837540;16;1.0;19;0.45;7.5;0.0;0.0;0.0;0.0;0.0;7.0;0.45;0.0;15;0.45;3.5;0.95;0.95;0.0;0.0;0.0;7.0;0.0;0.0;0.0;0.0;2.5;0.45;0.45;0.0;0.45;0.95;0.95;0.95;0.0
1023486;0;368640;1;-5.6;0.0;5.8;n/a;n/a;n/a;25;18;4.2;2294.757568;0;0.0;0.0;0.0;28;0.0;23675.568359;0;0.0;0.0;0.0;0.0;1.4;905328;1837540;16;1.0;19;1.00;7.5;0.0;0.0;0.0;0.0;0.0;5.0;0.50;1.00;8.5;0.50;4.0;0.0;1.5;0.50;0.0;0.0;7.5;0.0;0.0;0.50;0.0;4.5;2.0;1.00;6.5;0.0;1.00;1.5;1.00;0.0
1025485;0;368640;1;-5.5;0.0;-2.8;n/a;n/a;n/a;25;18;3.6;2295.893066;0;0.0;0.0;0.0;28;0.0;17227.115234;0;0.0;0.0;0.0;0.0;1.4;905328;1837540;16;1.0;19;0.50;7.5;0.0;0.0;0.0;0.0;0.0;2.0;0.50;0.0;0.50;0.0;3.0;0.50;0.0;0.0;0.0;0.0;7.0;0.0;0.0;0.0;0.0;7.0;1.00;1.00;15;0.50;1.00;1.00;1.00;0.0
1027484;0;368640;1;-5.5;0.0;-1.4;n/a;n/a;n/a;25;18;4.0;2293.623291;0;0.0;0.0;0.0;28;0.0;17210.083984;0;0.0;0.0;0.0;0.0;1.4;905328;1837540;16;1.0;19;1.00;7.5;0.0;0.0;0.0;0.0;0.0;2.0;0.50;1.5;2.5;1.00;4.0;0.0;1.00;0.50;0.0;0.0;7.0;0.0;0.0;0.0;0.0;7.0;0.0;0.50;12;0.50;1.00;1.00;1.00;0.0
1029483;0;368640;1;-5.5;0.0;3.5;n/a;n/a;n/a;25;18;3.8;2292.490234;0;0.0;0.0;0.0;28;0.0;17201.580078;0;0.0;0.0;0.0;0.0;1.4;905328;1837540;16;1.5;19;0.95;10.0;0.45;0.45;0.0;0.0;0.0;6.0;2.0;2.5;11;2.0;6.0;0.45;0.95;0.95;2.5;0.0;10.0;0.0;0.0;0.0;0.0;7.5;2.0;1.5;12;0.45;1.5;1.5;2.0;0.45
1031482;0;368640;1;-5.5;0.0;-0.78;n/a;n/a;n/a;25;18;3.6;2287.968506;0;0.0;0.0;0.0;28;0.0;17167.652344;0;0.0;0.0;0.0;0.0;1.4;905328;1837540;16;1.0;19;0.50;7.5;0.0;0.0;0.0;0.0;0.0;0.0;0.0;0.0;6.5;0.50;3.5;0.0;0.50;0.0;1.5;0.0;7.0;0.0;0.0;0.0;0.0;6.5;0.50;0.0;8.5;0.0;1.00;1.00;1.00;0.0
1033481;0;368640;1;-5.5;0.0;4.2;n/a;n/a;n/a;25;18;3.6;2289.097168;0;0.0;0.0;0.0;28;0.0;17176.123047;0;0.0;0.0;0.0;0.0;1.4;905328;1837540;16;1.0;19;0.50;7.0;0.0;0.0;0.0;0.0;0.0;3.0;2.0;1.00;15;1.00;4.5;0.50;0.50;0.50;2.0;0.0;7.0;0.0;0.0;0.0;0.0;5.0;0.50;1.00;0.50;0.50;1.00;1.5;1.00;0.50
1035480;0;368640;1;-5.5;0.0;5.9;n/a;n/a;n/a;25;18;3.6;2287.968506;0;0.0;0.0;0.0;28;0.0;17167.652344;0;0.0;0.0;0.0;0.0;1.4;905328;1837540;16;1.0;19;0.45;7.5;2.0;0.0;0.0;0.0;0.0;0.0;0.0;0.0;15;0.45;3.0;0.45;1.5;0.45;0.0;0.0;5.5;0.0;0.0;0.0;0.0;6.5;0.45;0.45;0.0;0.0;0.0;0.45;0.95;0.0
1037479;0;368640;1;-5.6;0.0;-3.6;n/a;n/a;n/a;25;18;4.2;2291.357910;0;0.0;0.0;0.0;28;0.0;19342.222656;0;0.0;0.0;0.0;0.0;1.4;905328;1837540;16;1.0;19;1.00;8.0;4.5;0.0;0.0;0.0;0.0;5.5;1.5;1.00;9.5;1.5;4.0;0.50;0.50;0.50;0.50;0.50;4.0;0.0;0.0;0.0;0.0;2.0;0.50;1.00;6.5;1.00;0.50;1.5;1.5;0.50
1039478;0;368640;1;-5.5;0.0;3.2;n/a;n/a;n/a;25;18;5.2;2286.840820;0;0.0;0.0;0.0;28;0.0;17159.191406;0;0.0;0.0;0.0;0.0;1.4;905328;1837540;16;1.0;19;0.95;7.5;7.0;2.0;0.0;0.0;0.0;7.0;1.5;0.45;0.95;2.5;4.0;1.5;0.95;0.45;0.0;0.0;0.45;0.0;0.0;0.0;0.0;0.0;0.45;0.45;15;0.45;0.45;1.5;1.5;0.0
1041477;0;368640;1;-5.5;0.0;2.9;n/a;n/a;n/a;25;18;4.2;2286.840820;0;0.0;0.0;0.0;28;0.0;17159.191406;0;0.0;0.0;0.0;0.0;1.4;905328;1837540;16;1.0;19;0.50;7.5;7.0;2.0;0.0;0.0;0.0;7.0;0.0;0.50;0.0;0.50;3.5;0.50;0.50;0.0;0.0;0.0;0.0;0.0;0.50;0.0;0.0;0.0;0.50;0.50;15;0.0;0.0;1.00;0.50;0.50
1043476;0;368640;1;-5.5;0.0;3.5;n/a;n/a;n/a;25;18;3.6;2291.357910;0;0.0;0.0;0.0;28;0.0;17193.085938;0;0.0;0.0;0.0;0.0;1.4;905328;1837540;16;1.0;19;0.45;5.0;7.0;2.0;0.0;0.0;0.0;6.0;0.95;2.0;0.95;0.95;3.5;0.45;0.45;0.45;0.45;2.0;0.45;0.0;0.0;0.0;0.0;1.5;0.0;0.95;15;0.95;0.45;1.5;2.0;0.0
1045475;0;368640;1;-5.5;0.0;6.2;n/a;n/a;n/a;25;18;5.0;2285.714355;0;0.0;0.0;0.0;28;0.0;17150.738281;0;0.0;0.0;0.0;0.0;1.4;905328;1837540;16;1.0;19;0.95;0.0;7.0;2.0;0.0;0.0;0.0;0.0;0.0;0.45;13;0.95;3.5;0.0;0.45;0.0;0.0;7.5;0.0;0.0;0.0;0.0;0.0;6.5;0.45;0.45;1.5;0.0;0.0;0.95;0.95;0.95
1047474;0;368640;1;-5.5;0.0;-1.9;n/a;n/a;n/a;25;18;4.0;2291.357910;0;0.0;0.0;0.0;28;0.0;17193.085938;0;0.0;0.0;0.0;0.0;1.4;905328;1837540;16;1.0;19;0.50;1.00;7.0;2.0;0.50;0.0;0.0;0.0;0.50;1.00;12;1.5;3.5;0.0;0.0;0.0;0.0;7.5;0.0;0.0;0.0;0.0;0.0;6.5;0.50;1.00;3.5;0.50;0.0;1.00;1.5;1.00
1049473;0;368640;1;-5.5;0.0;5.5;n/a;n/a;n/a;25;18;3.4;2295.893066;0;0.0;0.0;0.0;28;0.0;19380.503906;0;0.0;0.0;0.0;0.0;1.4;905328;1837540;16;1.0;19;0.95;6.0;7.5;2.0;0.0;0.0;0.0;0.0;0.45;0.45;0.45;0.45;3.5;0.45;0.45;0.45;0.0;7.5;0.0;0.0;0.0;0.0;0.0;0.0;2.0;0.95;15;1.5;0.95;1.5;1.5;0.0
1051472;0;368640;1;-5.5;0.0;-0.28;n/a;n/a;n/a;25;18;3.8;2291.357910;20;0.0;0.0;0.0;28;0.0;17193.085938;0;0.0;0.0;0.0;0.0;1.4;905328;1837540;16;1.2;19;0.50;7.5;8.0;2.0;0.0;0.0;0.0;0.0;0.0;0.50;0.0;0.50;4.0;0.0;1.00;0.0;0.0;8.5;0.0;0.0;0.0;0.0;0.0;0.0;0.0;0.50;18;1.5;0.0;1.00;1.5;0.0
1053471;0;368640;1;-5.4;0.0;9.8;n/a;n/a;n/a;25;18;4.0;2286.840820;0;0.0;0.0;0.0;28;0.0;21448.990234;0;0.0;0.0;0.0;0.0;1.4;905328;1837540;16;1.5;19;1.5;10.0;11;3.5;0.0;0.0;0.0;0.0;2.0;5.5;3.5;1.5;5.5;0.45;0.95;0.95;0.0;9.0;0.0;0.0;0.0;0.0;0.0;0.95;0.45;0.95;19;2.5;0.95;2.5;2.0;0.0
1055470;0;368640;1;-5.3;0.0;-5.2;n/a;n/a;n/a;25;18;4.6;2293.623291;0;0.0;0.0;0.0;28;0.0;17210.083984;0;0.0;0.0;0.0;0.0;1.4;905328;1837540;16;0.94;19;0.50;7.0;12;0.0;0.0;0.0;0.0;0.0;0.50;0.50;2.0;0.0;3.5;0.0;0.50;0.50;0.0;0.0;0.0;2.0;0.0;0.0;0.0;0.0;0.50;0.50;13;1.5;0.50;1.00;1.00;0.50
1057469;0;368640;1;-5.4;0.0;-4.3;n/a;n/a;n/a;25;18;3.2;2291.357910;0;0.0;0.0;0.0;28;0.0;17193.085938;0;0.0;0.0;0.0;0.0;1.4;905328;1837540;16;0.95;19;0.95;2.0;11;0.0;0.45;0.0;0.45;0.0;0.45;0.45;0.95;0.45;3.5;0.45;0.45;0.0;0.0;5.5;0.0;2.0;0.0;0.0;0.0;0.0;0.0;0.0;15;1.5;0.45;0.95;1.5;0.0
1059468;0;368640;1;-5.4;0.0;11;n/a;n/a;n/a;25;18;4.2;2284.588867;0;0.0;0.0;0.0;28;0.0;19285.082031;0;0.0;0.0;0.0;0.0;1.4;905328;1837540;16;0.97;19;0.50;3.0;10;0.0;0.0;0.0;0.0;0.0;1.00;2.0;0.50;1.00;4.0;0.50;1.5;0.50;0.0;0.0;7.0;2.0;0.0;0.0;0.0;0.0;0.50;1.00;15;2.0;0.0;2.0;1.00;0.50
1061467;0;368640;1;-5.3;0.0;-2.6;n/a;n/a;n/a;25;18;4.0;2295.893066;0;0.0;0.0;0.0;28;0.0;17227.115234;0;0.0;0.0;0.0;0.0;1.4;905328;1837540;16;0.95;19;0.95;0.0;7.0;0.0;0.0;0.0;0.0;0.0;0.0;0.0;0.0;0.0;3.0;0.0;0.45;0.0;0.0;0.0;12;2.0;0.0;0.0;0.0;0.0;0.95;0.45;15;0.95;0.0;0.95;1.5;0.0
1063466;0;368640;1;-5.3;0.0;-5.0;n/a;n/a;n/a;25;18;4.2;2292.490234;0;0.0;0.0;0.0;28;0.0;17201.580078;0;0.0;0.0;0.0;0.0;1.4;905328;1837540;16;0.97;19;0.45;0.0;8.0;0.0;0.0;0.45;0.0;0.0;0.95;1.5;0.45;0.45;3.5;0.45;0.45;0.0;0.0;0.0;11;2.0;0.0;0.45;0.0;0.0;0.95;1.5;15;1.5;0.95;0.95;0.95;0.45
1065465;0;368640;1;-5.6;0.0;2.2;n/a;n/a;n/a;25;18;4.4;2284.588867;0;0.0;0.0;0.0;28;0.0;17142.294922;0;0.0;0.0;0.0;0.0;1.4;905328;1837540;16;0.97;19;1.00;0.0;12;0.0;0.0;0.0;0.0;0.0;0.50;0.0;5.5;0.0;3.5;0.0;0.50;0.50;0.0;0.0;7.5;2.0;0.0;0.0;0.0;0.0;0.0;0.0;11;0.50;1.00;1.00;1.00;0.0
1067464;0;368640;1;-5.6;0.0;-9.3;n/a;n/a;n/a;25;18;3.8;2280.098389;0;0.0;0.0;0.0;28;0.0;17108.599609;0;0.0;0.0;0.0;0.0;1.4;905328;1837540;16;0.94;19;0.45;0.0;12;0.0;0.0;0.0;0.0;0.0;0.45;0.45;15;0.45;4.0;0.45;0.45;0.45;0.0;0.0;7.5;2.0;0.45;0.0;0.0;0.0;0.45;0.95;0.45;0.45;2.5;1.5;0.95;0.0
1069463;0;368640;1;-5.6;0.0;2.7;n/a;n/a;n/a;25;18;3.8;2290.227051;0;0.0;0.0;0.0;28;0.0;17184.599609;0;0.0;0.0;0.0;0.0;1.4;905328;1837540;16;0.97;19;1.00;0.0;6.0;2.5;0.0;0.0;0.0;0.0;1.00;2.5;7.5;1.00;4.0;0.0;0.50;0.0;0.0;0.0;10;3.5;0.0;0.0;0.0;0.0;0.50;0.50;8.0;1.00;1.5;1.5;1.5;0.50
1071462;0;368640;1;-5.5;0.0;11;n/a;n/a;n/a;25;18;3.0;2285.714355;0;0.0;0.0;0.0;28;0.0;19294.582031;0;0.0;0.0;0.0;0.0;1.4;905328;1837540;16;0.97;19;0.50;0.0;0.0;2.0;0.0;0.0;0.0;0.0;0.0;0.0;0.0;0.50;4.0;0.50;0.0;0.50;0.0;0.0;12;7.0;0.0;0.0;0.0;0.0;0.50;0.50;15;0.0;0.50;1.00;1.00;0.0
1073461;0;368640;1;-5.4;0.0;3.9;n/a;n/a;n/a;25;18;3.4;2293.623291;0;0.0;0.0;0.0;28;0.0;17210.083984;0;0.0;0.0;0.0;0.0;1.4;905328;1837540;16;0.97;19;0.95;0.0;0.0;2.0;0.0;0.0;0.0;0.0;0.45;0.45;0.0;0.45;4.5;0.0;0.45;0.0;0.0;0.0;12;7.0;0.0;0.0;0.45;0.0;0.45;0.0;15;0.0;0.95;0.95;1.5;0.45
1075460;0;368640;1;-5.6;0.0;-3.8;n/a;n/a;n/a;25;18;4.2;2290.227051;20;0.0;0.0;0.0;28;0.0;17184.599609;0;0.0;0.0;0.0;0.0;1.4;905328;1837540;16;0.92;19;0.50;0.50;0.0;7.0;0.0;0.0;0.0;0.0;1.00;0.50;6.5;0.50;3.5;0.50;1.00;0.50;0.0;0.0;12;2.0;0.50;0.0;0.0;0.0;0.50;1.00;8.5;1.00;0.50;1.00;1.00;0.0
1077459;0;368640;1;-5.4;0.0;7.0;n/a;n/a;n/a;25;18;3.8;2289.097168;0;0.0;0.0;0.0;28;0.0;17176.123047;0;0.0;0.0;0.0;0.0;1.4;905328;1837540;16;0.97;19;1.00;0.0;0.0;7.0;0.50;0.0;0.0;0.0;1.5;0.50;15;0.0;3.5;0.50;1.00;0.0;0.0;0.0;12;2.0;0.0;0.0;0.0;0.0;1.00;0.50;0.0;0.0;0.50;1.5;1.00;0.0
1079458;0;368640;1;-5.3;0.0;9.3;n/a;n/a;n/a;25;18;2.6;2298.167480;0;0.0;0.0;0.0;28;0.0;19399.703125;0;0.0;0.0;0.0;0.0;1.4;905328;1837540;16;0.95;19;0.45;0.0;0.45;7.5;0.0;0.0;0.0;0.0;1.5;0.95;15;0.45;3.5;0.45;0.95;0.0;0.0;0.0;12;2.5;0.0;0.0;0.0;0.0;1.5;2.5;0.45;0.45;0.45;0.95;1.5;0.45
1081457;0;368640;1;-5.3;0.0;11;n/a;n/a;n/a;25;18;3.8;2298.167480;0;0.0;0.0;0.0;28;0.0;17244.179688;0;0.0;0.0;0.0;0.0;1.4;905328;1837540;16;0.97;19;0.95;0.0;0.0;7.0;0.0;0.0;0.0;0.0;0.95;0.45;15;0.0;3.0;0.0;1.5;0.45;0.0;0.0;12;2.0;0.0;0.0;0.0;0.0;0.0;0.0;0.0;0.45;0.0;1.5;0.95;0.0
1083456;0;368640;1;-5.4;0.0;8.0;n/a;n/a;n/a;25;18;3.4;2292.490234;0;0.0;0.0;0.0;28;0.0;17201.580078;0;0.0;0.0;0.0;0.0;1.4;905328;1837540;16;0.95;19;0.45;0.45;0.0;7.0;0.0;0.0;0.0;0.0;1.5;0.45;14;0.0;3.5;0.0;1.5;0.0;0.0;0.0;12;2.0;0.0;0.0;0.0;0.0;0.0;0.45;0.45;0.45;0.45;0.95;1.5;0.0
1085455;0;368640;1;-5.5;0.0;1.1;n/a;n/a;n/a;25;18;3.8;2291.357910;0;0.0;0.0;0.0;28;0.0;17193.085938;0;0.0;0.0;0.0;0.0;1.4;905328;1837540;16;0.97;19;0.95;0.0;0.0;7.0;0.0;0.0;0.0;0.0;0.45;0.45;0.45;0.45;4.0;0.45;1.5;0.0;0.0;0.0;12;2.0;0.0;0.45;0.0;0.45;2.5;0.45;15;0.0;0.0;0.95;0.95;0.0
1087454;0;368640;1;-5.5;0.0;4.8;n/a;n/a;n/a;25;18;3.8;2300.446289;0;0.0;0.0;0.0;28;0.0;21576.599609;0;0.0;0.0;0.0;0.0;1.4;905328;1837540;16;0.94;19;0.50;0.0;0.0;7.0;0.0;0.0;0.50;0.50;0.0;1.00;8.0;0.50;3.0;0.50;0.0;0.50;0.0;0.50;12;2.5;0.0;0.0;0.0;0.0;1.5;1.00;7.5;2.0;0.50;1.00;1.5;0.0
1089453;0;368640;1;-5.6;0.0;0.55;n/a;n/a;n/a;25;18;4.4;2284.588867;0;0.0;0.0;0.0;28;0.0;19285.082031;0;0.0;0.0;0.0;0.0;1.4;905328;1837540;16;0.97;19;0.95;0.0;0.0;5.5;0.0;0.0;0.0;0.0;2.5;0.95;10.0;0.45;4.0;0.45;0.45;0.0;0.0;0.0;12;0.95;3.0;0.0;0.0;0.0;0.45;0.95;5.0;0.95;0.45;1.5;1.5;0.45
1091452;0;368640;1;-5.5;0.0;3.2;n/a;n/a;n/a;25;18;5.4;2292.490234;0;0.0;0.0;0.0;28;0.0;21501.976562;0;0.0;0.0;0.0;0.0;1.4;905328;1837540;16;0.95;19;0.45;0.0;1.5;2.0;0.0;0.0;0.0;0.0;0.0;0.45;0.0;0.0;3.5;0.0;0.45;0.0;0.0;0.0;10;0.0;7.0;0.0;0.0;0.0;0.0;0.0;15;0.45;0.0;0.95;0.95;1.5
1093451;0;368640;1;-5.6;0.0;7.5;n/a;n/a;n/a;25;18;5.0;2293.623291;0;0.0;0.0;0.0;28;0.0;19361.343750;0;0.0;0.0;0.0;0.0;1.4;905328;1837540;16;0.95;19;0.50;0.0;6.0;2.0;0.0;0.0;0.0;0.0;0.50;0.0;1.00;0.50;3.0;0.50;1.00;0.50;0.0;0.0;6.0;0.0;7.0;0.0;0.0;0.0;0.50;1.00;15;1.00;0.50;1.5;1.00;0.0
1095450;0;368640;1;-5.5;0.0;2.9;n/a;n/a;n/a;25;18;4.4;2291.357910;0;0.0;0.0;0.0;28;0.0;19342.222656;0;0.0;0.0;0.0;0.0;1.4;905328;1837540;16;0.95;19;0.95;0.0;6.0;2.0;7.5;0.45;0.0;0.0;0.95;0.95;2.0;0.95;4.5;0.45;0.0;0.0;0.45;0.0;6.5;0.0;0.0;0.0;0.0;0.0;0.45;0.45;13;0.95;0.0;1.5;1.5;0.45
1097449;0;368640;1;-5.5;0.0;8.9;n/a;n/a;n/a;25;18;4.0;2287.968506;0;0.0;0.0;0.0;28;0.0;17167.652344;0;0.0;0.0;0.0;0.0;1.4;905328;1837540;16;0.97;19;0.50;0.0;11;2.0;7.0;0.0;0.0;0.0;0.50;0.50;5.5;0.50;4.0;0.0;1.00;0.0;0.0;0.0;1.00;0.50;0.0;0.0;0.0;0.0;1.5;0.50;10;1.00;0.50;1.00;1.00;0.0
1099448;0;368640;1;-5.5;0.0;-2.6;n/a;n/a;n/a;25;18;4.6;2299.306152;0;0.0;0.0;0.0;28;0.0;17252.724609;0;0.0;0.0;0.0;0.0;1.4;905328;1837540;16;0.94;19;0.95;0.0;12;2.0;5.0;0.0;0.0;0.0;0.45;2.0;4.5;0.95;4.0;0.45;2.0;0.45;0.0;0.0;0.0;0.0;2.0;0.0;0.45;0.0;2.0;0.45;11;0.0;0.45;1.5;1.5;0.45
1101447;0;368640;1;-5.6;0.0;7.6;n/a;n/a;n/a;25;18;5.6;2289.097168;0;0.0;0.0;0.0;28;0.0;17176.123047;0;0.0;0.0;0.0;0.0;1.4;905328;1837540;16;0.97;19;1.00;0.0;12;2.0;7.0;0.0;0.0;0.0;0.50;0.0;15;0.0;3.0;0.0;1.5;0.0;0.0;0.0;0.0;0.0;0.0;0.0;0.0;0.0;0.50;0.50;0.0;0.50;0.0;1.00;1.00;0.0
1103446;0;368640;1;-5.5;0.0;2.5;n/a;n/a;n/a;25;18;4.8;2285.714355;0;0.0;0.0;0.0;28;0.0;17150.738281;0;0.0;0.0;0.0;0.0;1.4;905328;1837540;16;0.94;19;0.45;0.45;11;2.0;7.0;0.0;0.0;0.0;0.45;0.0;14;0.0;4.0;0.45;1.5;0.0;0.0;0.0;0.0;0.0;0.0;0.0;0.0;0.0;0.95;0.45;0.45;0.45;0.45;1.5;1.5;0.0
1105445;0;368640;1;-5.6;0.0;-0.34;n/a;n/a;n/a;25;18;4.0;2284.588867;0;0.0;0.0;0.0;28;0.0;17142.294922;0;0.0;0.0;0.0;0.0;1.4;905328;1837540;16;0.97;19;0.45;0.0;12;2.0;7.0;0.0;0.0;0.0;0.95;2.0;11;0.45;3.5;0.0;1.5;0.0;0.0;0.0;0.0;0.0;0.45;0.45;0.0;0.0;0.45;0.95;4.0;0.0;0.45;0.95;0.95;0.0
1107444;0;368640;1;-5.6;0.0;2.1;n/a;n/a;n/a;25;18;4.0;2289.097168;0;0.0;0.0;0.0;28;0.0;19323.136719;0;0.0;0.0;0.0;0.0;1.4;905328;1837540;16;0.95;19;1.00;0.0;12;2.0;7.0;0.0;0.0;0.0;0.0;0.50;15;0.50;3.5;0.50;0.50;0.50;0.0;0.0;0.0;0.0;0.0;0.0;0.0;0.0;1.5;1.00;1.5;0.50;0.50;1.00;1.5;0.50
1109443;0;368640;1;-5.5;0.0;7.1;n/a;n/a;n/a;25;18;4.2;2289.097168;0;0.0;0.0;0.0;28;0.0;17176.123047;0;0.0;0.0;0.0;0.0;1.4;905328;1837540;16;0.94;19;0.95;0.0;12;2.0;7.5;0.0;0.0;0.0;1.5;1.5;10.0;0.45;4.0;0.0;0.45;0.0;0.0;0.0;0.0;0.0;0.0;0.0;0.0;0.0;0.95;0.95;5.5;1.5;0.45;2.0;0.95;0.0
1111442;0;368640;1;-5.4;0.0;5.3;n/a;n/a;n/a;25;18;3.6;2287.968506;0;0.0;0.0;0.0;28;0.0;17167.652344;0;0.0;0.0;0.0;0.0;1.4;905328;1837540;16;0.95;19;0.50;0.0;12;1.5;7.0;0.0;0.0;0.0;0.50;0.0;0.0;0.50;3.5;0.0;0.50;0.0;0.0;0.0;0.0;0.0;0.0;0.0;0.0;0.0;0.50;0.50;15;1.00;1.00;1.00;1.00;0.0
1113441;0;368640;1;-5.5;0.0;4.6;n/a;n/a;n/a;25;18;3.4;2292.490234;0;0.0;0.0;0.0;28;0.0;17201.580078;0;0.0;0.0;0.0;0.0;1.4;905328;1837540;16;0.97;19;0.50;0.0;12;2.0;7.0;0.0;0.0;0.0;0.0;0.50;14;0.50;3.5;0.50;0.50;0.50;0.0;0.0;0.0;0.0;0.0;0.0;0.0;0.0;0.50;0.50;0.50;1.00;0.50;1.5;1.5;1.00
1115440;0;368640;1;-5.5;0.0;4.5;n/a;n/a;n/a;25;18;4.4;2286.840820;0;0.0;0.0;0.0;28;0.0;19304.089844;0;0.0;0.0;0.0;0.0;1.4;905328;1837540;16;0.94;19;0.95;0.0;12;2.0;7.0;0.0;0.0;0.0;2.0;0.45;0.45;0.45;3.5;0.0;0.45;0.0;0.0;0.0;0.45;0.0;0.45;0.0;0.0;0.0;0.45;0.45;15;0.95;0.45;0.95;0.95;0.95
1117439;0;368640;1;-5.5;0.0;11;n/a;n/a;n/a;25;18;3.2;2289.097168;0;0.0;0.0;0.0;28;0.0;17176.123047;0;0.0;0.0;0.0;0.0;1.4;905328;1837540;16;0.97;19;1.00;0.0;10;2.0;3.5;0.50;0.0;0.0;0.50;0.0;7.5;0.0;3.5;0.50;0.50;0.50;0.0;0.0;2.0;0.50;3.5;0.0;0.0;0.0;1.00;1.00;8.0;1.5;0.50;1.5;1.5;0.50
1119438;0;368640;1;-5.5;0.0;6.3;n/a;n/a;n/a;25;18;4.4;2283.464600;0;0.0;0.0;0.0;28;0.0;21417.322266;0;0.0;0.0;0.0;0.0;1.4;905328;1837540;16;0.95;19;0.45;0.0;6.0;0.0;6.5;0.0;0.0;0.0;0.95;2.0;8.0;0.95;4.0;0.45;0.95;0.45;0.0;0.0;6.0;1.5;0.95;0.0;0.0;0.0;0.45;0.45;7.0;2.5;0.45;0.95;0.95;0.45
1121437;0;368640;1;-5.6;0.0;0.35;n/a;n/a;n/a;25;18;5.2;2286.840820;0;0.0;0.0;0.0;28;0.0;17159.191406;0;0.0;0.0;0.0;0.0;1.4;905328;1837540;16;0.95;19;1.00;0.0;5.5;2.0;0.0;0.0;0.0;0.0;0.50;0.50;15;0.50;3.5;0.0;1.00;0.0;0.0;0.0;6.5;0.0;7.0;0.0;0.0;0.0;0.50;0.50;0.0;1.00;0.0;1.00;1.5;0.0
1123436;0;368640;1;-5.6;0.0;7.8;n/a;n/a;n/a;25;18;3.8;2297.029785;0;0.0;0.0;0.0;28;0.0;19390.099609;0;0.0;0.0;0.0;0.0;1.4;905328;1837540;16;0.95;19;0.95;0.0;6.0;2.0;0.0;0.0;0.0;0.0;0.0;0.0;15;0.45;3.5;0.95;0.95;0.45;0.0;0.0;6.0;0.0;7.0;0.0;0.45;0.0;0.0;0.95;0.0;0.45;0.45;0.95;0.95;0.0
1125435;0;368640;1;-5.5;0.0;-1.5;n/a;n/a;n/a;25;18;4.4;2291.357910;0;0.0;0.0;0.0;28;0.0;17193.085938;0;0.0;0.0;0.0;0.0;1.4;905328;1837540;16;0.95;19;0.50;0.50;6.0;0.50;0.0;0.0;0.0;0.0;2.0;0.50;0.50;0.50;3.5;0.50;0.50;0.50;0.0;0.0;6.5;1.5;7.0;0.0;0.0;0.0;1.00;0.50;15;0.50;0.0;1.00;1.5;0.50
1127434;0;368640;1;-5.5;0.0;13;n/a;n/a;n/a;25;18;5.2;2294.757568;0;0.0;0.0;0.0;28;0.0;17218.595703;0;0.0;0.0;0.0;0.0;1.4;905328;1837540;16;0.97;19;1.00;0.0;6.0;0.0;0.50;0.0;0.50;0.0;1.5;1.00;7.0;1.00;4.0;0.50;1.00;0.50;0.0;0.0;6.5;2.0;7.0;0.0;0.0;0.0;2.0;0.50;9.0;0.50;0.50;1.5;1.5;0.50
1129433;0;368640;1;-5.5;0.0;4.3;n/a;n/a;n/a;25;18;4.4;2291.357910;0;0.0;0.0;0.0;28;0.0;17193.085938;0;0.0;0.0;0.0;0.0;1.4;905328;1837540;16;0.95;19;1.00;0.0;5.5;1.00;0.0;0.0;4.0;0.50;1.5;1.00;0.50;1.00;3.5;0.0;0.50;0.50;0.0;0.0;6.0;1.00;3.5;0.0;0.0;0.0;1.5;1.00;14;0.50;0.50;1.5;2.0;1.00
1131432;0;368640;1;-5.5;0.0;2.7;n/a;n/a;n/a;25;18;4.6;2295.893066;0;0.0;0.0;0.0;28;0.0;17227.115234;0;0.0;0.0;0.0;0.0;1.4;905328;1837540;16;0.95;19;0.45;0.0;6.0;2.0;0.0;0.0;6.5;0.0;0.45;0.95;15;0.45;3.5;0.0;0.45;0.0;0.0;0.0;6.5;0.0;0.0;0.0;0.0;0.0;0.45;0.45;0.0;0.45;0.0;0.95;0.95;0.45
1133431;0;368640;1;-5.5;0.0;4.3;n/a;n/a;n/a;25;18;5.2;2290.227051;0;0.0;0.0;0.0;28;0.0;17184.599609;0;0.0;0.0;0.0;0.0;1.4;905328;1837540;16;0.95;19;1.00;0.50;6.0;2.0;0.0;0.0;7.5;0.0;0.50;0.0;15;0.50;4.0;0.50;0.0;0.0;0.0;0.0;6.0;0.0;0.0;0.50;0.0;0.50;1.00;1.00;0.50;0.0;0.50;1.00;1.00;0.50
1135430;0;368640;1;-5.5;0.0;5.0;n/a;n/a;n/a;25;18;4.0;2293.623291;0;0.0;0.0;0.0;28;0.0;21512.605469;0;0.0;0.0;0.0;0.0;1.4;905328;1837540;16;0.95;19;0.95;0.0;9.5;0.0;0.0;0.0;3.5;0.0;0.95;0.95;9.5;0.45;4.0;0.0;0.95;0.0;0.0;0.45;2.5;2.0;0.0;0.0;3.5;0.0;0.45;1.5;6.5;0.95;0.45;0.95;1.5;0.0
1137429;0;368640;1;-5.5;0.0;-0.73;n/a;n/a;n/a;25;18;4.4;2286.840820;0;0.0;0.0;0.0;28;0.0;21448.990234;0;0.0;0.0;0.0;0.0;1.4;905328;1837540;16;0.97;19;0.95;0.0;12;0.0;0.0;0.0;5.5;0.0;0.45;0.45;14;0.45;3.5;0.0;0.0;0.0;0.45;0.0;0.45;1.5;0.0;0.0;2.0;0.0;0.0;0.45;1.5;2.0;0.95;1.5;0.95;0.45
1139428;0;368640;1;-5.5;0.0;6.5;n/a;n/a;n/a;25;18;4.4;2292.490234;0;0.0;0.0;0.0;28;0.0;17201.580078;0;0.0;0.0;0.0;0.0;1.4;905328;1837540;16;0.95;19;1.00;0.0;12;0.0;0.0;0.0;0.0;0.0;0.50;0.50;0.0;0.50;4.0;0.0;0.50;0.0;0.0;0.0;0.0;2.0;0.0;0.0;7.0;0.0;0.0;1.00;15;1.5;0.0;2.0;1.00;0.50
1141427;0;368640;1;-5.6;0.0;-8.9;n/a;n/a;n/a;25;18;3.4;2291.357910;0;0.0;0.0;0.0;28;0.0;17193.085938;0;0.0;0.0;0.0;0.0;1.4;905328;1837540;16;0.95;19;7.0;0.45;10.0;0.0;0.0;0.0;0.0;0.0;0.95;1.5;14;0.45;3.5;0.45;0.45;0.0;0.0;0.0;1.5;2.0;0.0;0.0;0.45;0.0;0.45;0.0;0.95;2.5;0.45;0.95;1.5;0.0
1143426;0;368640;1;-5.5;0.0;6.4;n/a;n/a;n/a;25;18;4.0;2291.357910;0;0.0;0.0;0.0;28;0.0;21491.357422;0;0.0;0.0;0.0;0.0;1.4;905328;1837540;16;0.95;19;7.0;0.45;6.0;0.0;0.0;0.0;0.0;0.0;0.45;0.95;14;0.45;4.0;0.0;0.45;0.45;0.0;0.0;6.5;2.0;0.0;0.0;0.0;0.0;0.0;0.45;0.0;0.95;0.0;0.95;0.95;0.45
1145425;0;368640;1;-5.5;0.0;9.5;n/a;n/a;n/a;25;18;5.8;2291.357910;0;0.0;0.0;0.0;28;0.0;19342.222656;0;0.0;0.0;0.0;0.0;1.4;905328;1837540;16;0.95;19;4.5;0.0;3.5;1.00;0.0;0.0;0.0;0.0;1.00;1.00;7.5;1.00;3.5;1.5;0.50;0.0;3.0;0.0;8.5;1.5;0.0;0.0;0.0;0.0;0.50;1.00;8.0;1.5;0.50;1.00;1.5;0.0
1147424;0;368640;1;-5.5;0.0;1.2;n/a;n/a;n/a;25;18;3.8;2291.357910;0;0.0;0.0;0.0;28;0.0;19342.222656;0;0.0;0.0;0.0;0.0;1.4;905328;1837540;16;0.95;19;6.0;0.50;0.0;2.0;0.0;0.0;0.0;0.0;0.50;0.50;2.0;0.50;4.0;0.50;0.50;1.00;1.00;0.0;12;0.0;0.50;0.0;0.0;0.0;0.50;0.50;14;1.5;0.0;1.00;1.00;0.0
1149423;0;368640;1;-5.4;0.0;-4.3;n/a;n/a;n/a;25;18;4.0;2291.357910;0;0.0;0.0;0.0;28;0.0;21491.357422;0;0.0;0.0;0.0;0.0;1.4;905328;1837540;16;0.95;19;7.0;0.45;0.0;2.0;0.0;0.0;0.0;0.0;0.45;0.45;14;0.45;3.5;0.0;0.45;0.95;0.0;0.0;12;0.0;0.0;0.0;0.0;0.0;0.45;0.45;0.45;0.95;0.0;0.95;1.5;0.45
1151422;0;368640;1;-5.7;0.0;2.5;n/a;n/a;n/a;25;18;4.6;2290.227051;0;0.0;0.0;0.0;28;0.0;17184.599609;0;0.0;0.0;0.0;0.0;1.4;905328;1837540;16;0.95;19;7.5;0.50;0.50;0.0;0.50;0.0;0.0;0.0;0.50;1.00;2.0;0.0;3.5;0.50;1.00;1.00;0.0;0.0;12;0.0;1.5;0.0;0.0;0.0;1.00;1.00;13;2.0;0.50;1.5;1.00;0.0
1153421;0;368640;1;-5.7;0.0;5.3;n/a;n/a;n/a;25;18;4.4;2295.893066;0;0.0;0.0;0.0;28;0.0;23687.283203;0;0.0;0.0;0.0;0.0;1.4;905328;1837540;16;0.97;19;7.0;0.95;0.0;0.0;0.0;0.0;0.0;0.0;0.45;0.0;3.5;0.0;4.0;0.0;0.45;0.0;0.0;0.0;12;0.0;2.0;0.0;0.45;0.0;0.45;0.95;12;0.95;0.45;0.95;0.95;0.0
1155420;0;368640;1;-5.7;0.0;3.5;n/a;n/a;n/a;25;18;4.8;2286.840820;0;0.0;0.0;0.0;28;0.0;17159.191406;0;0.0;0.0;0.0;0.0;1.4;905328;1837540;16;0.95;19;7.5;0.50;0.0;0.0;0.50;0.0;0.0;0.0;1.00;2.0;10;0.50;3.5;0.0;0.50;0.0;0.50;0.0;12;0.0;1.5;0.0;0.0;0.0;0.50;0.50;5.5;1.00;1.00;1.00;1.5;0.50
1157419;0;368640;1;-5.6;0.0;8.9;n/a;n/a;n/a;25;18;4.0;2290.227051;0;0.0;0.0;0.0;28;0.0;19332.675781;0;0.0;0.0;0.0;0.0;1.4;905328;1837540;16;0.95;19;5.0;0.0;4.0;0.0;2.0;0.45;0.0;0.0;0.95;0.45;13;0.45;4.0;0.45;0.45;0.45;0.0;0.0;10;0.0;0.0;0.0;0.0;0.0;0.45;0.45;2.5;1.5;0.45;0.95;0.95;0.45
1159418;0;368640;1;-5.7;0.0;-1.5;n/a;n/a;n/a;25;18;5.0;2289.097168;0;0.0;0.0;0.0;28;0.0;17176.123047;0;0.0;0.0;0.0;0.0;1.4;905328;1837540;16;0.95;19;0.45;0.0;12;0.0;2.0;0.0;0.0;0.0;0.45;0.45;9.5;0.45;4.0;0.45;0.0;0.45;0.0;0.0;7.5;0.0;0.0;0.0;0.0;0.0;0.45;0.45;5.5;1.5;0.45;1.5;0.95;0.45
1161417;0;368640;1;-5.4;0.0;6.4;n/a;n/a;n/a;25;18;4.6;2285.714355;0;0.0;0.0;0.0;28;0.0;21438.423828;0;0.0;0.0;0.0;0.0;1.4;905328;1837540;16;0.97;19;0.95;0.45;8.5;0.45;2.0;0.0;0.0;0.0;0.45;2.0;13;0.45;4.0;0.0;0.45;0.45;0.0;0.0;11;0.0;0.0;0.0;0.0;0.0;0.95;0.45;1.5;0.95;1.5;0.95;1.5;0.0
1163416;0;368640;1;-5.3;0.0;6.0;n/a;n/a;n/a;25;18;3.2;2286.840820;0;0.0;0.0;0.0;28;0.0;17159.191406;0;0.0;0.0;0.0;0.0;1.4;905328;1837540;16;0.95;19;0.50;0.0;7.5;0.0;2.0;0.0;0.0;0.0;0.0;0.50;15;0.0;3.5;0.0;0.50;0.0;0.0;0.0;12;0.0;0.0;0.0;0.0;0.0;0.50;1.00;0.50;1.5;0.50;1.5;1.00;0.0
1165415;0;368640;1;-5.3;0.0;3.3;n/a;n/a;n/a;25;18;4.2;2292.490234;0;0.0;0.0;0.0;28;0.0;17201.580078;0;0.0;0.0;0.0;0.0;1.4;905328;1837540;16;0.97;19;0.50;0.0;7.5;0.0;2.0;0.0;0.0;0.0;2.0;0.50;10;0.0;3.5;0.0;0.50;0.0;0.0;0.0;12;0.0;0.0;0.0;0.0;0.0;0.50;1.5;5.0;0.50;0.50;2.0;1.00;0.0
1167414;0;368640;1;-5.3;0.0;3.3;n/a;n/a;n/a;25;18;3.8;2286.840820;0;0.0;0.0;0.0;28;0.0;19304.089844;0;0.0;0.0;0.0;0.0;1.4;905328;1837540;16;0.95;19;1.00;0.50;12;0.0;1.5;0.0;0.0;0.0;0.50;0.50;2.5;0.50;4.0;0.50;0.50;0.50;0.0;0.0;8.5;0.0;0.0;0.0;0.0;0.0;0.50;1.00;12;0.50;0.50;1.5;1.5;0.50
1169413;0;368640;1;-5.2;0.0;6.0;n/a;n/a;n/a;25;18;3.4;2289.097168;0;0.0;0.0;0.0;28;0.0;17176.123047;0;0.0;0.0;0.0;0.0;1.4;905328;1837540;16;0.95;19;0.50;0.0;11;0.0;2.0;0.0;0.0;0.0;0.50;0.50;15;0.0;3.5;0.0;1.00;0.0;0.0;0.0;9.5;0.0;0.0;0.0;0.0;0.0;0.0;0.50;0.50;0.0;0.50;1.00;1.5;0.0
1171412;0;368640;1;-5.2;0.0;-0.48;n/a;n/a;n/a;25;18;4.2;2284.588867;0;0.0;0.0;0.0;28;0.0;19285.082031;0;0.0;0.0;0.0;0.0;1.4;905328;1837540;16;0.97;19;2.0;0.45;12;0.0;0.95;0.0;0.0;0.0;0.45;0.95;15;0.95;4.0;0.0;0.95;0.0;0.0;0.0;8.0;0.45;0.0;0.0;0.0;0.0;0.45;1.5;0.45;0.45;0.0;0.95;0.95;0.45
1173411;0;368640;1;-5.3;0.0;1.7;n/a;n/a;n/a;25;18;4.0;2294.757568;0;0.0;0.0;0.0;28;0.0;17218.595703;0;0.0;0.0;0.0;0.0;1.4;905328;1837540;16;0.97;19;2.0;0.50;12;0.0;0.0;0.0;0.0;0.0;0.50;1.00;15;0.50;4.5;0.50;0.0;0.0;0.0;0.0;7.0;1.00;0.0;0.0;0.0;0.0;0.0;0.50;0.0;0.50;0.50;1.00;1.5;0.0
1175410;0;368640;1;-5.3;0.0;-0.15;n/a;n/a;n/a;25;18;4.6;2287.968506;0;0.0;0.0;0.0;28;0.0;17167.652344;0;0.0;0.0;0.0;0.0;1.4;905328;1837540;16;0.95;19;0.50;0.0;12;0.0;0.0;0.0;0.0;0.0;1.00;0.50;8.5;0.50;3.5;1.00;0.50;0.0;2.0;0.0;8.5;0.50;0.0;0.0;0.0;0.0;2.0;0.50;7.5;0.0;0.0;1.5;1.00;0.50
1177409;0;368640;1;-5.3;0.0;-6.3;n/a;n/a;n/a;25;18;3.8;2293.623291;0;0.0;0.0;0.0;28;0.0;19361.343750;0;0.0;0.0;0.0;0.0;1.4;905328;1837540;16;0.97;19;0.50;0.0;11;0.0;0.0;0.0;0.0;0.0;0.0;0.50;12;0.50;4.0;0.0;0.50;0.50;2.0;0.0;8.0;1.00;0.0;0.0;0.0;0.0;0.50;1.00;3.0;1.00;0.50;1.00;1.5;0.0
1179408;0;368640;1;-5.4;0.0;5.9;n/a;n/a;n/a;25;18;3.4;2297.029785;0;0.0;0.0;0.0;28;0.0;21544.554688;0;0.0;0.0;0.0;0.0;1.4;905328;1837540;16;0.97;19;0.95;0.45;12;0.0;0.0;0.0;0.0;0.0;0.95;0.45;6.0;0.45;4.0;0.45;0.45;0.0;0.95;0.0;8.0;0.95;0.0;0.0;0.0;0.0;0.45;0.45;9.5;0.0;0.45;1.5;0.95;0.0
1181407;0;368640;1;-5.3;0.0;5.7;n/a;n/a;n/a;25;18;3.4;2293.623291;0;0.0;0.0;0.0;28;0.0;17210.083984;0;0.0;0.0;0.0;0.0;1.4;905328;1837540;16;0.95;19;1.5;0.0;12;0.50;0.0;0.0;0.0;0.0;0.50;0.50;8.5;1.00;3.5;1.00;0.50;0.50;1.00;0.0;3.5;4.5;0.0;0.0;0.0;0.0;0.50;1.5;6.0;2.0;0.0;1.5;1.00;0.0
1183406;0;368640;1;-5.4;0.0;-1.8;n/a;n/a;n/a;25;18;3.8;2291.357910;0;0.0;0.0;0.0;28;0.0;17193.085938;0;0.0;0.0;0.0;0.0;1.4;905328;1837540;16;0.95;19;1.5;0.95;12;0.0;0.0;0.0;0.0;0.0;0.45;0.45;0.0;0.0;3.5;0.0;0.45;0.0;0.0;0.0;0.95;7.0;0.0;0.0;0.0;0.0;0.0;0.95;0.0;15;0.0;0.95;1.5;1.5
1185405;0;368640;1;-5.4;0.0;-0.44;n/a;n/a;n/a;25;18;4.2;2290.227051;0;0.0;0.0;0.0;28;0.0;17184.599609;0;0.0;0.0;0.0;0.0;1.4;905328;1837540;16;0.95;19;2.0;0.45;12;7.0;0.0;0.0;0.0;0.0;0.0;1.5;0.45;0.95;4.0;0.45;0.45;0.0;0.0;0.0;0.45;0.0;0.45;0.0;0.0;0.0;0.45;1.5;0.45;15;0.45;0.95;0.95;0.45
1187404;0;368640;1;-5.3;0.0;-0.092;n/a;n/a;n/a;25;18;4.2;2293.623291;0;0.0;0.0;0.0;28;0.0;17210.083984;0;0.0;0.0;0.0;0.0;1.4;905328;1837540;16;0.95;19;0.50;0.0;12;6.5;0.0;0.0;0.0;0.0;1.00;0.50;1.00;1.5;3.5;0.50;0.50;0.0;2.0;0.0;1.00;0.50;0.0;0.0;0.50;0.50;0.0;0.50;0.0;13;0.0;1.5;1.5;0.50
1189403;0;368640;1;-5.4;0.0;13;n/a;n/a;n/a;25;18;4.6;2287.968506;0;0.0;0.0;0.0;28;0.0;19313.609375;0;0.0;0.0;0.0;0.0;1.4;905328;1837540;16;0.95;19;0.95;0.0;12;0.0;0.0;0.0;0.0;0.0;0.95;0.45;0.45;15;4.0;0.45;0.95;0.0;2.0;0.0;0.95;7.0;0.0;0.45;0.0;0.0;0.95;0.95;0.0;0.45;0.45;0.95;0.95;0.45
1191402;0;368640;1;-5.4;0.0;7.5;n/a;n/a;n/a;26;18;2.2;2354.567871;33;0.0;0.0;0.0;28;0.0;17193.085938;0;0.0;0.0;0.0;0.0;1.4;905328;1837540;16;0.97;19;1.5;0.50;8.5;4.0;0.50;0.0;0.0;0.0;0.50;0.50;1.00;8.0;4.0;0.50;1.5;0.0;1.00;0.0;4.0;3.5;0.0;0.0;0.0;0.0;0.50;1.5;0.0;8.0;0.0;1.5;1.5;0.0
1193401;0;368640;1;-5.5;0.0;5.9;n/a;n/a;n/a;25;18;3.6;2284.588867;0;0.0;0.0;0.0;28;0.0;17142.294922;0;0.0;0.0;0.0;0.0;1.4;905328;1837540;16;0.95;19;0.45;0.45;6.0;7.0;0.0;0.0;0.0;0.0;0.45;0.45;0.0;0.0;3.5;0.45;0.45;0.45;1.5;0.45;7.0;0.0;0.0;0.0;0.0;0.0;1.5;0.45;0.45;15;0.45;0.95;0.95;0.45
1195400;0;368640;1;-5.3;0.0;1.5;n/a;n/a;n/a;25;18;3.8;2291.357910;0;0.0;0.0;0.0;28;0.0;17193.085938;0;0.0;0.0;0.0;0.0;1.4;905328;1837540;16;0.95;19;0.50;0.0;6.0;7.0;0.0;0.0;0.0;0.0;1.00;0.50;0.50;15;3.5;0.0;0.50;0.0;2.0;0.0;6.5;0.0;0.0;0.0;0.0;0.0;0.50;0.0;0.50;1.5;0.50;1.00;1.00;0.0
1197399;0;368640;1;-5.3;0.0;0.75;n/a;n/a;n/a;25;18;3.2;2294.757568;0;0.0;0.0;0.0;28;0.0;19370.919922;0;0.0;0.0;0.0;0.0;1.4;905328;1837540;16;0.97;19;0.45;0.0;5.5;0.0;0.0;0.0;0.0;0.0;2.0;1.5;0.45;3.5;4.0;0.45;0.95;0.45;2.0;0.0;7.5;7.0;0.0;0.0;0.0;0.0;0.45;0.45;0.45;12;0.45;1.5;1.5;0.95
1199398;0;368640;1;-5.3;0.0;-1.1;n/a;n/a;n/a;25;18;3.8;2293.623291;0;0.0;0.0;0.0;28;0.0;17210.083984;0;0.0;0.0;0.0;0.0;1.4;905328;1837540;16;0.94;19;1.5;0.45;6.0;0.0;0.0;0.45;0.0;0.0;0.45;1.5;0.95;15;4.0;0.45;0.45;0.0;0.95;0.0;6.0;8.0;0.0;0.0;0.0;0.0;0.45;0.95;0.0;0.45;0.45;0.95;1.5;0.45
1201397;0;368640;1;-5.4;0.0;-3.7;n/a;n/a;n/a;25;18;3.4;2282.341309;20;0.0;0.0;0.0;28;0.0;17125.429688;0;0.0;0.0;0.0;0.0;1.4;905328;1837540;16;0.95;19;2.0;0.50;5.5;3.5;0.0;0.0;0.0;0.0;1.5;1.00;0.50;9.0;3.5;1.00;1.00;0.50;0.0;0.0;7.0;5.0;0.0;0.0;0.0;0.0;0.50;0.50;0.50;7.0;0.0;1.00;1.00;0.0
1203396;0;368640;1;-5.4;0.0;1.7;n/a;n/a;n/a;25;18;3.6;2291.357910;0;0.0;0.0;0.0;28;0.0;19342.222656;0;0.0;0.0;0.0;0.0;1.4;905328;1837540;16;0.95;19;2.0;1.00;6.0;0.0;0.0;0.0;0.50;0.0;1.00;1.00;0.0;0.50;3.5;0.50;1.00;0.0;0.0;0.0;6.0;7.0;0.0;0.0;0.0;0.0;0.50;0.50;1.00;15;1.00;1.00;1.5;0.0
1205395;0;368640;1;-5.5;0.0;5.5;n/a;n/a;n/a;25;18;4.4;2292.490234;0;0.0;0.0;0.0;28;0.0;19351.779297;0;0.0;0.0;0.0;0.0;1.4;905328;1837540;16;0.97;19;1.5;0.50;5.5;0.0;0.50;0.0;0.0;0.0;0.50;0.50;0.0;14;3.5;0.50;0.50;0.0;0.0;0.0;6.5;7.0;0.0;0.0;0.0;0.0;0.50;0.50;0.50;0.0;0.0;1.5;1.00;1.00
1207394;0;368640;1;-5.6;0.0;-4.8;n/a;n/a;n/a;25;18;4.2;2286.840820;0;0.0;0.0;0.0;28;0.0;19304.089844;0;0.0;0.0;0.0;0.0;1.4;905328;1837540;16;0.94;19;2.5;1.5;6.5;0.95;0.0;0.0;0.0;0.45;2.0;0.95;0.95;15;5.0;0.45;0.95;1.5;0.45;0.45;6.5;6.5;0.0;0.45;0.0;0.0;0.95;3.5;2.0;1.5;0.45;1.5;1.5;0.45
1209393;0;368640;1;-5.4;0.0;3.5;n/a;n/a;n/a;25;18;3.6;2291.357910;0;0.0;0.0;0.0;28;0.0;17193.085938;0;0.0;0.0;0.0;0.0;1.4;905328;1837540;16;0.97;19;2.0;0.45;5.5;0.0;0.0;0.0;0.0;0.0;0.95;0.45;0.45;15;3.5;0.0;0.45;0.45;0.0;0.0;6.0;7.0;0.45;0.0;0.0;0.0;0.95;0.95;0.95;0.95;0.45;0.95;0.95;0.0
1211392;0;368640;1;-5.5;0.0;3.6;n/a;n/a;n/a;25;18;5.2;2298.167480;0;0.0;0.0;0.0;28;0.0;19399.703125;0;0.0;0.0;0.0;0.0;1.4;905328;1837540;16;0.95;19;2.0;1.00;4.5;7.0;0.50;0.0;0.0;0.0;2.0;0.50;0.0;14;3.5;0.50;0.50;0.0;0.0;0.0;8.0;0.50;0.0;0.0;0.0;0.0;0.50;1.00;1.00;1.00;0.50;1.5;1.00;0.50
1213391;0;368640;1;-5.4;0.0;-6.1;n/a;n/a;n/a;25;18;4.0;2287.968506;0;0.0;0.0;0.0;28;0.0;17167.652344;0;0.0;0.0;0.0;0.0;1.4;905328;1837540;16;0.95;19;1.5;0.50;0.0;7.0;0.0;0.0;0.0;0.0;1.00;0.0;0.0;15;3.5;0.0;0.50;0.50;0.0;0.0;12;0.0;0.0;0.0;0.0;0.0;0.50;1.00;1.00;0.50;0.0;1.00;1.00;1.5
1215390;0;368640;1;-5.5;0.0;-6.2;n/a;n/a;n/a;25;18;3.4;2297.029785;0;0.0;0.0;0.0;28;0.0;17235.644531;0;0.0;0.0;0.0;0.0;1.4;905328;1837540;16;0.95;19;2.0;1.00;0.0;0.0;0.0;0.0;0.0;0.0;0.0;0.50;0.0;0.50;3.5;1.5;0.0;0.0;0.0;0.0;12;7.0;0.0;0.0;0.0;0.0;0.50;0.50;0.50;15;0.50;1.00;1.00;0.0
1217389;0;368640;1;-5.6;0.0;15;n/a;n/a;n/a;25;18;4.6;2285.714355;0;0.0;0.0;0.0;28;0.0;21438.423828;0;0.0;0.0;0.0;0.0;1.4;905328;1837540;16;0.94;19;2.0;0.50;0.50;6.0;0.0;0.50;0.50;0.0;1.00;0.50;0.50;1.00;3.5;0.0;1.00;1.00;0.0;0.0;12;1.00;0.0;0.0;0.0;0.0;1.00;1.5;1.5;14;0.50;1.5;1.5;0.0
1219388;0;368640;1;-5.6;0.0;7.6;n/a;n/a;n/a;25;18;4.2;2287.968506;0;0.0;0.0;0.0;28;0.0;17167.652344;0;0.0;0.0;0.0;0.0;1.4;905328;1837540;16;0.97;19;2.0;1.00;2.5;7.0;0.0;0.0;0.0;0.0;1.00;0.50;0.50;13;3.5;1.00;0.50;0.50;0.0;0.0;9.5;0.0;0.0;0.0;0.0;0.0;0.50;1.00;1.5;1.5;1.00;1.00;1.00;0.0
1221387;0;368640;1;-5.6;0.0;-0.33;n/a;n/a;n/a;25;18;4.2;2294.757568;0;0.0;0.0;0.0;28;0.0;19370.919922;0;0.0;0.0;0.0;0.0;1.4;905328;1837540;16;0.95;19;2.0;0.45;6.0;5.0;0.0;0.0;0.0;0.0;1.5;0.45;0.45;15;4.0;0.45;0.45;0.0;0.0;0.0;6.0;2.5;0.45;0.0;0.0;0.0;0.45;0.45;0.95;1.5;0.45;1.5;0.95;0.0
1223386;0;368640;1;-5.3;0.0;12;n/a;n/a;n/a;25;18;4.4;2290.227051;0;0.0;0.0;0.0;28;0.0;17184.599609;0;0.0;0.0;0.0;0.0;1.4;905328;1837540;16;0.97;19;2.0;1.5;6.5;0.0;0.0;0.0;0.0;0.0;0.45;0.45;0.0;5.5;3.5;0.0;0.45;0.45;0.0;0.0;6.0;7.0;0.0;0.0;0.0;0.0;0.45;0.45;0.95;10.0;0.0;0.95;1.5;0.45
1225385;0;368640;1;-5.5;0.0;7.0;n/a;n/a;n/a;25;18;3.4;2292.490234;0;0.0;0.0;0.0;28;0.0;21501.976562;0;0.0;0.0;0.0;0.0;1.4;905328;1837540;16;0.94;19;2.0;1.5;6.5;0.0;0.0;0.0;0.0;0.0;0.45;0.0;0.45;15;3.5;0.0;0.45;0.0;0.0;0.0;5.5;7.0;0.0;0.0;0.0;0.0;0.45;1.5;0.0;0.0;0.45;0.95;0.95;0.0
1227384;0;368640;1;-5.4;0.0;-0.42;n/a;n/a;n/a;25;18;4.4;2293.623291;0;0.0;0.0;0.0;28;0.0;17210.083984;0;0.0;0.0;0.0;0.0;1.4;905328;1837540;16;0.98;19;2.0;0.45;6.5;4.5;0.0;0.0;0.0;0.0;0.45;0.95;0.0;12;3.5;0.45;0.45;0.0;1.5;0.45;6.0;2.0;0.95;0.45;0.45;0.0;2.0;2.0;0.0;5.0;0.45;0.95;0.95;0.0
1229383;0;368640;1;-5.4;0.0;-9.4;n/a;n/a;n/a;25;18;5.2;2292.490234;0;0.0;0.0;0.0;28;0.0;19351.779297;0;0.0;0.0;0.0;0.0;1.4;905328;1837540;16;0.94;19;0.0;0.0;6.0;1.5;0.0;0.0;0.0;0.0;1.00;0.50;0.0;13;3.5;0.50;0.50;0.0;1.5;0.0;5.5;0.0;6.5;0.0;0.0;0.0;0.0;1.00;0.50;2.0;0.0;1.00;1.00;0.0
1231382;0;368640;1;-5.3;0.0;-7.9;n/a;n/a;n/a;25;18;4.0;2287.968506;0;0.0;0.0;0.0;28;0.0;17167.652344;0;0.0;0.0;0.0;0.0;1.4;905328;1837540;16;0.95;19;0.45;0.0;6.0;0.45;2.0;0.0;0.0;0.0;0.95;0.45;0.45;12;3.5;0.0;0.45;0.45;2.5;0.0;6.0;0.45;5.5;0.0;0.0;0.0;0.95;2.5;0.0;3.5;0.45;1.5;0.95;0.0
1233381;0;368640;1;-5.4;0.0;5.0;n/a;n/a;n/a;25;18;4.2;2298.167480;0;0.0;0.0;0.0;28;0.0;17244.179688;0;0.0;0.0;0.0;0.0;1.4;905328;1837540;16;0.95;19;0.50;0.0;6.5;0.0;7.0;0.0;0.0;0.0;1.00;0.50;0.0;14;3.5;0.50;0.50;0.50;2.0;0.0;6.0;0.0;0.50;0.0;0.0;0.0;0.0;1.00;0.0;1.5;0.50;1.00;1.5;0.50
1235380;0;368640;1;-5.4;0.0;-2.4;n/a;n/a;n/a;25;18;5.0;2293.623291;0;0.0;0.0;0.0;28;0.0;17210.083984;0;0.0;0.0;0.0;0.0;1.4;905328;1837540;16;0.97;19;0.45;0.0;6.0;0.0;0.0;0.0;0.0;0.0;0.45;0.45;0.45;15;3.5;0.0;1.5;0.0;1.5;0.0;5.5;0.0;6.5;0.0;0.0;0.0;0.45;0.45;0.95;0.0;0.0;0.95;0.95;0.0
1237379;0;368640;1;-5.4;0.0;6.7;n/a;n/a;n/a;25;18;4.0;2285.714355;0;0.0;0.0;0.0;28;0.0;17150.738281;0;0.0;0.0;0.0;0.0;1.4;905328;1837540;16;0.97;19;1.5;1.00;6.5;0.50;0.50;0.0;0.0;0.0;1.5;1.00;0.0;5.0;4.0;0.50;0.50;1.00;1.00;0.0;6.0;0.0;7.5;0.0;0.0;0.0;1.00;0.0;1.00;12;0.50;1.5;1.5;0.0
1239378;0;368640;1;-5.4;0.0;7.7;n/a;n/a;n/a;25;18;4.2;2290.227051;0;0.0;0.0;0.0;28;0.0;17184.599609;0;0.0;0.0;0.0;0.0;1.4;905328;1837540;16;0.94;19;2.0;0.50;6.0;0.0;0.0;0.0;0.0;0.0;1.00;1.00;0.50;7.0;3.5;0.0;0.50;1.00;0.0;0.0;6.0;0.0;7.0;0.0;0.0;0.0;0.0;1.00;1.5;8.0;0.50;1.00;1.00;0.50
1241377;0;368640;1;-5.4;0.0;3.9;n/a;n/a;n/a;25;18;3.6;2285.714355;0;0.0;0.0;0.0;28;0.0;17150.738281;0;0.0;0.0;0.0;0.0;1.4;905328;1837540;16;0.97;19;2.0;1.00;6.5;0.0;1.00;0.0;0.0;0.0;0.50;1.5;0.50;7.5;5.5;0.50;0.50;0.50;0.0;0.0;6.0;0.0;6.5;0.0;0.0;0.0;1.00;1.00;1.00;5.5;0.50;1.5;1.5;0.0
1243376;0;368640;1;-5.4;0.0;9.8;n/a;n/a;n/a;25;18;3.6;2283.464600;0;0.0;0.0;0.0;28;0.0;17133.857422;0;0.0;0.0;0.0;0.0;1.4;905328;1837540;16;0.97;19;2.0;0.45;6.5;0.0;1.5;0.0;0.0;0.0;0.45;0.45;0.45;0.45;9.0;0.0;0.45;0.95;0.0;0.0;5.5;0.0;5.5;0.0;0.0;0.0;0.45;0.45;0.95;0.45;10;0.95;0.95;0.0
1245375;0;368640;1;-5.4;0.0;-3.8;n/a;n/a;n/a;25;18;3.6;2289.097168;0;0.0;0.0;0.0;28;0.0;15029.107422;0;0.0;0.0;0.0;0.0;1.4;905328;1837540;16;0.95;19;2.0;1.00;6.0;0.0;6.5;0.0;0.0;0.0;0.50;0.0;0.50;0.0;3.5;0.0;0.50;1.00;0.0;0.0;6.0;0.0;0.0;0.0;0.0;0.50;0.50;0.50;0.50;0.0;15;1.00;1.00;0.0
1247374;0;368640;1;-5.4;0.0;-4.1;n/a;n/a;n/a;25;18;4.4;2297.029785;0;0.0;0.0;0.0;28;0.0;17235.644531;0;0.0;0.0;0.0;0.0;1.4;905328;1837540;16;0.97;19;2.0;0.95;6.0;0.0;5.5;0.45;0.0;0.0;0.95;1.5;0.0;0.95;4.5;0.45;0.45;0.45;0.45;0.0;5.5;0.45;2.0;0.0;0.0;0.0;0.45;3.5;0.45;0.45;15;0.95;1.5;0.95
1249373;0;368640;1;-5.5;0.0;-6.1;n/a;n/a;n/a;25;18;3.8;2294.757568;0;0.0;0.0;0.0;28;0.0;17218.595703;0;0.0;0.0;0.0;0.0;1.4;905328;1837540;16;0.98;19;2.0;0.50;6.5;0.0;7.0;0.0;0.0;0.0;0.50;0.50;0.50;0.50;18;0.0;0.50;0.0;0.0;0.0;6.0;0.0;0.0;0.0;0.0;0.0;1.00;1.00;0.50;0.0;2.0;1.5;1.5;0.0
1251372;0;368640;1;-5.3;0.0;4.9;n/a;n/a;n/a;25;18;4.0;2285.714355;0;0.0;0.0;0.0;28;0.0;19294.582031;0;0.0;0.0;0.0;0.0;1.4;905328;1837540;16;1.0;19;2.0;0.45;6.5;0.0;4.0;0.0;0.0;0.0;2.0;0.45;0.45;0.95;18;0.0;0.45;0.45;0.0;0.45;6.0;0.0;3.5;0.0;0.0;0.0;0.45;1.5;0.95;0.45;1.5;0.95;0.95;0.45
1253371;0;368640;1;-5.4;0.0;10;n/a;n/a;n/a;25;18;4.6;2283.464600;0;0.0;0.0;0.0;28;0.0;17133.857422;0;0.0;0.0;0.0;0.0;1.4;905328;1837540;16;0.97;19;0.45;0.0;11;0.0;3.5;0.0;0.0;0.0;1.5;0.45;0.45;0.95;4.5;0.45;0.45;0.45;2.0;0.0;0.45;0.0;3.5;0.0;0.0;0.0;0.45;0.45;1.5;0.0;15;0.95;1.5;0.0
1255370;0;368640;1;-5.4;0.0;-0.047;n/a;n/a;n/a;25;18;5.4;2291.357910;0;0.0;0.0;0.0;28;0.0;17193.085938;0;0.0;0.0;0.0;0.0;1.4;905328;1837540;16;0.95;19;2.0;1.00;12;0.0;7.0;0.0;0.0;0.0;0.50;0.50;0.0;1.00;4.0;0.0;0.50;0.0;0.0;0.0;0.0;0.0;0.0;0.0;0.0;0.0;0.50;0.50;0.50;0.0;15;1.00;1.00;0.0
1257369;0;368640;1;-5.4;0.0;6.9;n/a;n/a;n/a;25;18;5.6;2293.623291;0;0.0;0.0;0.0;28;0.0;17210.083984;0;0.0;0.0;0.0;0.0;1.4;905328;1837540;16;0.98;19;1.5;0.45;12;0.0;7.0;0.0;0.0;0.45;2.5;0.95;0.45;0.45;8.5;0.45;0.45;0.45;1.5;0.0;0.0;0.0;0.45;0.45;0.0;0.0;0.95;0.95;0.45;0.95;11;1.5;0.95;0.0
1259368;0;368640;1;-5.3;0.0;-0.54;n/a;n/a;n/a;25;18;4.8;2286.840820;0;0.0;0.0;0.0;28;0.0;17159.191406;0;0.0;0.0;0.0;0.0;1.4;905328;1837540;16;0.97;19;0.50;1.00;12;0.0;3.5;0.0;0.0;0.0;0.50;0.50;0.50;0.50;11;0.50;0.50;0.50;2.0;0.0;0.0;0.0;3.5;0.0;0.0;0.0;1.00;1.00;0.0;0.0;8.0;1.00;1.00;0.50
1261367;0;368640;1;-5.3;0.0;14;n/a;n/a;n/a;25;18;4.6;2283.464600;20;0.0;0.0;0.0;28;0.0;19275.589844;0;0.0;0.0;0.0;0.0;1.4;905328;1837540;16;1.0;19;0.0;0.95;12;0.0;0.0;0.0;0.0;0.0;0.45;0.45;0.0;0.0;19;0.0;0.0;0.0;1.5;0.0;0.0;0.0;7.0;0.0;0.0;0.0;1.5;0.0;0.45;0.45;0.45;0.95;1.5;0.0
1263366;0;368640;1;-5.4;0.0;5.5;n/a;n/a;n/a;25;18;4.0;2289.097168;0;0.0;0.0;0.0;28;0.0;17176.123047;0;0.0;0.0;0.0;0.0;1.4;905328;1837540;16;0.95;19;0.50;0.0;12;0.50;7.0;0.50;0.0;0.0;1.5;1.00;0.50;0.50;14;0.50;1.00;0.0;2.5;1.5;0.0;0.0;0.50;0.0;0.0;0.0;1.00;1.00;0.0;0.50;5.0;1.5;1.5;0.0
1265365;0;368640;1;-5.4;0.0;4.5;n/a;n/a;n/a;25;18;4.2;2299.306152;0;0.0;0.0;0.0;28;0.0;17252.724609;0;0.0;0.0;0.0;0.0;1.4;905328;1837540;16;0.98;19;0.50;1.00;6.0;0.0;7.0;0.0;0.0;0.0;0.50;0.0;0.0;0.0;3.5;0.0;0.0;0.0;1.5;0.0;5.5;0.0;0.0;0.0;0.0;0.0;0.0;1.00;0.0;0.0;15;1.00;1.00;0.0
1267364;0;368640;1;-5.4;0.0;5.0;n/a;n/a;n/a;25;18;4.0;2297.029785;0;0.0;0.0;0.0;28;0.0;19390.099609;0;0.0;0.0;0.0;0.0;1.4;905328;1837540;16;0.95;19;0.45;0.0;3.5;0.95;7.5;0.0;0.45;0.0;2.0;0.95;0.95;0.45;9.0;0.0;0.45;0.45;2.5;0.45;9.0;0.0;0.0;0.45;0.0;0.0;1.5;1.5;0.45;0.95;11;1.5;1.5;0.45
1269363;0;368640;1;-5.4;0.0;2.4;n/a;n/a;n/a;25;18;4.2;2289.097168;0;0.0;0.0;0.0;28;0.0;19323.136719;0;0.0;0.0;0.0;0.0;1.4;905328;1837540;16;1.0;19;0.50;0.50;0.0;0.0;7.0;0.0;0.0;0.0;1.00;1.00;1.00;0.50;11;0.0;0.50;0.0;2.0;0.0;12;0.0;0.0;0.0;0.0;0.0;1.00;0.50;0.50;0.50;8.5;1.5;1.00;0.0
1271362;0;368640;1;-5.5;0.0;6.1;n/a;n/a;n/a;25;18;4.4;2289.097168;0;0.0;0.0;0.0;28;0.0;19323.136719;0;0.0;0.0;0.0;0.0;1.4;905328;1837540;16;0.95;19;0.45;0.0;0.0;0.0;7.0;0.0;0.0;0.0;0.45;0.0;0.95;0.0;4.0;0.45;0.45;0.0;1.5;0.0;12;0.0;0.0;0.0;0.0;0.0;0.45;0.45;0.95;0.45;15;0.95;1.5;0.0
1273361;0;368640;1;-5.5;0.0;5.7;n/a;n/a;n/a;25;18;4.2;2293.623291;0;0.0;0.0;0.0;28;0.0;21512.605469;0;0.0;0.0;0.0;0.0;1.4;905328;1837540;16;0.98;19;0.95;0.0;0.0;0.0;7.0;0.0;0.0;0.0;0.95;2.0;0.45;0.95;17;0.0;0.45;0.0;2.0;0.0;12;0.45;0.45;0.0;0.0;0.0;0.45;0.45;0.95;0.45;2.5;0.95;0.95;0.95
1275360;0;368640;1;-5.4;0.0;3.1;n/a;n/a;n/a;25;18;4.6;2284.588867;0;0.0;0.0;0.0;28;0.0;17142.294922;0;0.0;0.0;0.0;0.0;1.4;905328;1837540;16;0.97;19;1.00;0.0;0.50;0.50;0.0;0.50;0.0;0.0;1.00;0.50;0.0;0.50;12;1.00;1.00;1.5;2.0;0.0;12;0.0;7.0;0.0;0.50;0.50;0.50;0.50;1.00;0.0;7.0;1.5;1.5;0.50
1277359;0;368640;1;-5.4;0.0;-1.1;n/a;n/a;n/a;25;18;4.2;2292.490234;0;0.0;0.0;0.0;28;0.0;17201.580078;0;0.0;0.0;0.0;0.0;1.4;905328;1837540;16;0.97;19;0.45;0.45;5.0;0.0;0.95;0.0;0.0;0.45;0.95;0.95;0.95;0.95;14;0.45;0.95;0.45;2.0;0.0;7.0;0.0;6.5;0.0;0.0;0.0;2.0;0.45;1.5;0.95;6.0;1.5;0.95;0.0
1279358;0;368640;1;-5.4;0.0;-3.5;n/a;n/a;n/a;25;18;3.4;2297.029785;0;0.0;0.0;0.0;28;0.0;17235.644531;0;0.0;0.0;0.0;0.0;1.4;905328;1837540;16;0.95;19;0.50;0.0;6.0;0.0;7.0;0.0;0.0;0.0;0.50;0.50;0.0;0.0;3.5;0.50;1.00;0.50;2.0;0.0;6.0;0.0;0.0;0.0;0.0;0.0;0.50;1.00;1.00;0.0;15;1.00;1.5;0.50
1281357;0;368640;1;-5.4;0.0;3.7;n/a;n/a;n/a;25;18;3.6;2298.167480;0;0.0;0.0;0.0;28;0.0;17244.179688;0;0.0;0.0;0.0;0.0;1.4;905328;1837540;16;0.97;19;0.45;0.0;0.95;0.0;7.0;0.0;0.0;0.0;0.45;0.45;0.45;0.45;4.0;0.95;0.45;0.0;2.0;0.0;11;0.0;0.0;0.45;0.0;0.0;0.0;0.45;0.95;0.45;15;1.5;0.95;0.0
1283356;0;368640;1;-5.4;0.0;7.8;n/a;n/a;n/a;25;18;4.2;2281.219238;0;0.0;0.0;0.0;28;0.0;17117.011719;0;0.0;0.0;0.0;0.0;1.4;905328;1837540;16;0.97;19;0.45;0.0;0.0;0.0;7.0;0.0;0.45;0.0;0.95;0.45;0.0;0.45;4.5;0.45;0.45;0.45;2.0;0.0;12;0.0;0.0;0.0;0.0;0.0;2.0;0.45;0.95;0.0;16;0.95;1.5;0.0
1285355;0;368640;1;-5.4;0.0;6.5;n/a;n/a;n/a;25;18;4.6;2287.968506;0;0.0;0.0;0.0;28;0.0;17167.652344;0;0.0;0.0;0.0;0.0;1.4;905328;1837540;16;0.97;19;0.50;0.0;0.0;0.0;4.0;0.0;0.0;0.0;0.50;0.50;0.50;0.50;17;0.0;0.50;0.0;2.0;0.0;12;0.0;3.0;0.0;0.0;0.0;0.0;0.50;1.00;0.50;1.5;1.00;1.00;0.0
1287354;0;368640;1;-5.4;0.0;3.3;n/a;n/a;n/a;25;18;4.6;2301.587402;0;0.0;0.0;0.0;28;0.0;19428.572266;0;0.0;0.0;0.0;0.0;1.4;905328;1837540;16;0.98;19;1.00;0.0;0.0;0.0;0.50;0.0;0.0;0.0;1.00;1.00;0.50;1.00;16;0.50;0.50;0.50;1.5;0.50;12;0.0;7.5;0.0;0.50;0.0;0.50;1.5;1.5;0.50;4.0;1.5;1.00;0.50
1289353;0;368640;1;-5.4;0.0;6.2;n/a;n/a;n/a;25;18;3.8;2294.757568;0;0.0;0.0;0.0;28;0.0;19370.919922;0;0.0;0.0;0.0;0.0;1.4;905328;1837540;16;0.98;19;0.50;0.50;0.0;0.0;0.0;0.0;0.0;0.0;0.50;1.00;0.50;0.50;4.5;0.0;0.50;0.0;2.0;0.0;12;0.0;7.0;0.0;0.0;0.0;0.50;0.0;1.00;0.50;15;1.00;1.5;0.0
1291352;0;368640;1;-5.5;0.0;-3.2;n/a;n/a;n/a;25;18;6.0;2283.464600;0;0.0;0.0;0.0;28;0.0;17133.857422;0;0.0;0.0;0.0;0.0;1.4;905328;1837540;16;0.97;19;0.45;0.0;0.0;0.0;0.0;0.0;0.0;0.0;0.45;0.45;0.45;0.45;5.0;0.0;0.45;0.0;2.0;0.0;12;0.0;7.0;0.0;0.0;0.0;0.0;0.45;0.45;0.45;15;0.95;0.95;0.0
1293351;0;368640;1;-5.5;0.0;9.2;n/a;n/a;n/a;25;18;3.2;2294.757568;0;0.0;0.0;0.0;28;0.0;19370.919922;0;0.0;0.0;0.0;0.0;1.4;905328;1837540;16;0.97;19;1.5;0.45;5.0;0.0;0.0;0.45;0.0;0.0;0.95;1.5;0.45;0.45;9.0;0.45;0.45;0.0;0.45;0.0;7.5;0.45;7.0;0.0;0.0;0.0;0.95;0.45;1.5;0.45;11;0.95;2.0;0.45
1295350;0;368640;1;-5.5;0.0;7.9;n/a;n/a;n/a;25;18;4.0;2287.968506;0;0.0;0.0;0.0;28;0.0;17167.652344;0;0.0;0.0;0.0;0.0;1.4;905328;1837540;16;0.97;19;0.50;0.0;6.0;0.0;7.0;0.0;0.0;0.0;0.50;1.00;0.50;0.0;3.5;0.0;0.50;0.0;0.0;0.0;6.0;1.5;0.0;0.0;0.0;0.0;0.0;0.0;0.50;0.50;16;1.5;1.00;0.0
1297349;0;368640;1;-5.4;0.0;2.4;n/a;n/a;n/a;25;18;4.0;2289.097168;0;0.0;0.0;0.0;28;0.0;19323.136719;0;0.0;0.0;0.0;0.0;1.4;905328;1837540;16;0.98;19;1.00;0.0;6.5;0.0;1.00;0.50;0.0;0.0;1.5;1.00;0.50;1.00;5.0;0.0;0.50;0.50;0.0;0.0;6.0;1.5;6.0;0.50;0.0;0.0;2.0;1.00;1.00;0.0;15;1.00;1.00;0.0
1299348;0;368640;1;-5.5;0.0;-0.76;n/a;n/a;n/a;25;18;4.8;2287.968506;0;0.0;0.0;0.0;28;0.0;17167.652344;0;0.0;0.0;0.0;0.0;1.4;905328;1837540;16;0.95;19;0.50;0.0;6.0;0.0;0.0;1.5;0.0;0.0;1.00;0.50;0.50;0.50;4.0;0.50;1.00;0.0;0.0;0.0;5.5;0.0;7.0;0.0;0.0;0.0;1.00;0.0;2.0;0.50;15;1.5;1.00;0.0
1301347;0;368640;1;-5.5;0.0;0.98;n/a;n/a;n/a;25;18;4.2;2286.840820;0;0.0;0.0;0.0;28;0.0;17159.191406;0;0.0;0.0;0.0;0.0;1.4;905328;1837540;16;0.97;19;0.50;0.0;6.5;0.0;0.0;2.0;0.0;0.0;0.0;0.50;0.50;0.50;4.0;0.50;0.50;0.50;0.0;0.0;6.0;0.0;7.0;0.0;0.0;0.0;0.0;0.50;0.50;0.0;15;1.00;1.5;0.0
1303346;0;368640;1;-5.5;0.0;-5.2;n/a;n/a;n/a;25;18;4.4;2292.490234;0;0.0;0.0;0.0;28;0.0;19351.779297;0;0.0;0.0;0.0;0.0;1.4;905328;1837540;16;0.95;19;0.45;0.0;6.0;0.45;0.45;2.0;0.0;0.0;0.95;0.45;0.0;0.95;4.5;0.45;0.45;0.0;0.45;0.0;6.0;0.45;7.0;0.0;0.0;0.45;0.95;2.0;0.95;0.95;15;0.95;0.95;0.45
1305345;0;368640;1;-5.5;0.0;11;n/a;n/a;n/a;25;18;5.2;2295.893066;0;0.0;0.0;0.0;28;0.0;17227.115234;0;0.0;0.0;0.0;0.0;1.4;905328;1837540;16;0.98;19;0.45;0.0;6.5;0.0;0.0;2.0;0.0;0.0;0.45;0.45;0.45;0.45;7.0;0.0;0.95;0.45;0.0;0.0;5.5;0.0;7.0;0.0;0.0;0.0;0.45;0.95;0.95;0.0;12;0.95;0.95;0.0
1307344;0;368640;1;-5.5;0.0;-0.83;n/a;n/a;n/a;25;18;3.6;2290.227051;0;0.0;0.0;0.0;28;0.0;17184.599609;0;0.0;0.0;0.0;0.0;1.4;905328;1837540;16;0.98;19;0.95;0.0;6.0;0.0;6.0;2.5;0.0;0.0;0.45;0.95;0.45;0.45;12;0.45;0.45;0.0;0.0;0.0;6.0;0.0;1.5;0.0;0.0;0.0;2.0;0.95;1.5;0.45;8.5;0.95;1.5;0.45
1309343;0;368640;1;-5.5;0.0;6.0;n/a;n/a;n/a;25;18;4.6;2292.490234;0;0.0;0.0;0.0;28;0.0;19351.779297;0;0.0;0.0;0.0;0.0;1.4;905328;1837540;16;1.0;19;0.50;0.0;6.5;0.0;3.0;2.0;0.0;0.0;0.50;1.00;1.00;0.50;17;0.0;1.00;0.50;0.0;0.0;6.0;0.0;0.0;4.0;0.0;0.0;0.50;0.50;1.00;0.50;2.0;1.00;1.5;0.0
1311342;0;368640;1;-5.5;0.0;-3.7;n/a;n/a;n/a;25;18;4.4;2293.623291;0;0.0;0.0;0.0;28;0.0;17210.083984;0;0.0;0.0;0.0;0.0;1.4;905328;1837540;16;0.98;19;0.45;0.0;6.0;0.0;0.0;2.0;0.0;0.0;0.45;0.0;0.45;0.45;17;0.0;1.5;0.0;0.0;0.0;5.5;0.0;0.0;7.0;0.0;0.0;0.0;0.0;0.95;0.45;1.5;0.95;0.95;0.0
1313341;0;368640;1;-5.5;0.0;3.0;n/a;n/a;n/a;25;18;4.0;2294.757568;0;0.0;0.0;0.0;28;0.0;17218.595703;0;0.0;0.0;0.0;0.0;1.4;905328;1837540;16;1.0;19;0.50;0.0;6.5;0.0;0.50;5.0;0.0;0.0;0.50;1.00;0.0;0.0;12;0.0;0.50;0.50;0.0;0.0;6.0;0.0;0.0;4.5;0.0;0.0;1.00;2.0;1.5;0.0;7.5;1.5;1.00;0.50
1315340;0;368640;1;-5.4;0.0;8.4;n/a;n/a;n/a;25;18;4.6;2298.167480;0;0.0;0.0;0.0;28;0.0;21555.224609;0;0.0;0.0;0.0;0.0;1.4;905328;1837540;16;0.97;19;0.45;0.45;6.0;0.0;0.0;7.5;0.0;0.0;0.45;0.95;0.45;0.45;4.5;0.0;0.45;0.45;0.0;0.0;6.0;0.0;0.0;1.5;0.0;0.0;0.45;0.0;0.45;0.45;15;0.95;0.95;0.0
1317339;0;368640;1;-5.4;0.0;8.4;n/a;n/a;n/a;25;18;3.8;2278.978271;0;0.0;0.0;0.0;28;0.0;23512.769531;0;0.0;0.0;0.0;0.0;1.4;905328;1837540;16;0.97;19;1.00;0.0;6.5;0.0;0.0;7.0;0.0;0.0;1.00;1.5;0.50;0.50;6.5;0.50;1.00;0.50;0.0;0.0;6.0;0.0;0.0;2.5;0.50;0.0;1.00;1.00;1.5;0.50;13;1.00;1.5;0.0
1319338;0;368640;1;-5.4;0.0;1.1;n/a;n/a;n/a;25;18;3.8;2294.757568;0;0.0;0.0;0.0;28;0.0;17218.595703;0;0.0;0.0;0.0;0.0;1.4;905328;1837540;16;0.98;19;1.00;0.0;6.0;0.0;0.0;7.0;0.0;0.0;0.0;1.00;0.50;0.50;12;0.0;1.00;0.0;0.0;0.0;5.5;0.0;0.0;2.0;0.0;0.0;0.50;1.00;1.00;0.50;8.5;1.00;1.00;0.0
1321337;0;368640;1;-5.5;0.0;-5.3;n/a;n/a;n/a;25;18;4.4;2293.623291;0;0.0;0.0;0.0;28;0.0;17210.083984;0;0.0;0.0;0.0;0.0;1.4;905328;1837540;16;0.97;19;0.45;0.0;5.0;0.0;0.0;7.0;0.0;0.0;0.45;0.0;0.95;0.45;4.0;0.45;0.0;0.0;0.0;0.0;7.0;0.0;0.0;2.0;0.0;0.0;0.45;0.0;0.95;0.45;15;0.95;0.95;0.45
1323336;0;368640;1;-5.5;0.0;-3.5;n/a;n/a;n/a;25;18;4.0;2289.097168;0;0.0;0.0;0.0;28;0.0;17176.123047;0;0.0;0.0;0.0;0.0;1.4;905328;1837540;16;0.98;19;1.00;0.0;0.0;0.0;0.0;7.5;0.0;0.0;1.00;1.00;1.00;0.50;11;0.0;0.50;0.0;0.0;0.0;12;0.0;0.0;2.0;0.0;0.0;0.50;1.5;2.0;1.00;9.0;1.00;1.5;0.0
1325335;0;368640;1;-5.5;0.0;-3.1;n/a;n/a;n/a;25;18;4.4;2295.893066;0;0.0;0.0;0.0;28;0.0;17227.115234;0;0.0;0.0;0.0;0.0;1.4;905328;1837540;16;0.95;19;0.95;0.0;0.0;0.0;0.0;7.0;0.0;0.0;0.0;0.45;0.0;0.0;9.5;0.0;0.45;0.0;0.0;0.0;12;0.0;0.0;2.0;0.0;0.0;0.45;0.0;0.95;0.0;9.5;0.95;1.5;0.95
1327334;0;368640;1;-5.5;0.0;12;n/a;n/a;n/a;25;18;3.8;2286.840820;0;0.0;0.0;0.0;28;0.0;17159.191406;0;0.0;0.0;0.0;0.0;1.4;905328;1837540;16;0.97;19;1.00;0.0;0.50;0.0;0.0;7.5;0.50;0.0;1.00;0.50;0.50;0.50;6.0;0.0;0.50;0.50;0.0;0.0;12;0.0;0.0;2.0;0.0;0.0;0.50;0.50;0.50;1.00;14;1.5;1.00;1.00
1329333;0;368640;1;-5.5;0.0;2.9;n/a;n/a;n/a;25;18;3.8;2286.840820;0;0.0;0.0;0.0;28;0.0;19304.089844;0;0.0;0.0;0.0;0.0;1.4;905328;1837540;16;1.0;19;0.50;0.0;11;0.0;0.0;2.0;0.0;0.50;0.50;0.50;0.50;0.50;17;0.50;0.50;0.0;0.0;0.0;1.00;0.50;0.0;7.0;0.0;0.0;1.00;2.5;1.00;0.50;3.0;1.5;1.5;0.0
1331332;0;368640;1;-5.5;0.0;3.1;n/a;n/a;n/a;25;18;4.4;2289.097168;0;0.0;0.0;0.0;28;0.0;19323.136719;0;0.0;0.0;0.0;0.0;1.4;905328;1837540;16;0.98;19;0.95;0.0;12;0.0;0.0;2.0;0.0;0.0;0.45;0.0;0.45;0.0;18;0.0;0.45;0.0;0.0;0.0;0.0;0.0;0.0;7.5;0.0;0.0;0.0;0.0;0.45;0.45;0.95;1.5;0.95;0.45
1333331;0;368640;1;-5.5;0.0;-8.4;n/a;n/a;n/a;25;18;3.8;2290.227051;0;0.0;0.0;0.0;28;0.0;17184.599609;0;0.0;0.0;0.0;0.0;1.4;905328;1837540;16;1.0;19;1.00;0.0;12;0.0;0.50;4.5;0.0;0.0;1.5;1.5;0.50;0.50;17;0.0;0.50;0.0;0.0;0.0;0.0;0.0;0.50;5.0;0.0;0.0;1.00;1.5;0.50;0.50;3.5;2.0;1.5;0.50
1335330;0;368640;1;-5.5;0.0;-1.9;n/a;n/a;n/a;25;18;3.8;2290.227051;0;0.0;0.0;0.0;28;0.0;19332.675781;0;0.0;0.0;0.0;0.0;1.4;905328;1837540;16;0.97;19;0.45;0.0;12;0.0;0.0;7.0;0.0;0.0;0.95;0.45;0.45;0.0;4.0;0.0;0.0;0.45;0.0;0.0;0.0;0.0;0.0;2.0;0.0;0.0;0.0;0.45;0.45;0.45;15;0.95;0.95;0.0
1337329;0;368640;1;-5.4;0.0;-5.4;n/a;n/a;n/a;25;18;3.6;2284.588867;0;0.0;0.0;0.0;28;0.0;17142.294922;0;0.0;0.0;0.0;0.0;1.4;905328;1837540;16;1.0;19;1.00;0.50;12;0.0;0.0;7.0;0.0;0.0;0.50;0.0;0.50;0.50;17;0.0;1.00;0.50;0.0;0.0;0.0;0.0;0.0;2.0;0.50;0.0;1.00;0.50;1.5;0.50;2.0;1.5;1.00;0.0
1339328;0;368640;1;-5.4;0.0;5.1;n/a;n/a;n/a;25;18;5.4;2290.227051;0;0.0;0.0;0.0;28;0.0;17184.599609;0;0.0;0.0;0.0;0.0;1.4;905328;1837540;16;0.98;19;0.50;0.0;12;0.0;0.0;3.0;0.0;0.0;0.50;2.0;0.50;1.00;7.0;1.00;0.50;0.0;0.0;0.50;0.50;0.0;0.0;6.5;0.0;0.0;0.50;0.50;0.50;0.50;14;1.00;1.00;0.50
1341327;0;368640;1;-5.4;0.0;5.6;n/a;n/a;n/a;25;18;3.6;2291.357910;0;0.0;0.0;0.0;28;0.0;17193.085938;0;0.0;0.0;0.0;0.0;1.4;905328;1837540;16;0.97;19;0.45;0.0;12;0.45;0.0;2.0;0.0;0.0;0.45;0.45;0.45;0.0;4.0;0.0;0.45;0.0;0.0;0.0;0.0;0.0;0.0;7.0;0.0;0.0;0.45;0.95;0.45;0.0;15;1.5;2.0;0.0
1343326;0;368640;1;-5.4;0.0;5.5;n/a;n/a;n/a;25;18;4.2;2294.757568;0;0.0;0.0;0.0;28;0.0;17218.595703;0;0.0;0.0;0.0;0.0;1.4;905328;1837540;16;0.97;19;0.95;0.0;12;0.0;0.0;4.0;0.0;0.0;0.95;0.45;0.0;0.45;4.5;0.0;0.45;0.45;0.45;0.0;0.0;0.0;0.0;6.0;0.0;0.0;0.95;2.0;1.5;0.95;16;0.95;1.5;0.45
1345325;0;368640;1;-5.6;0.0;6.8;n/a;n/a;n/a;25;18;4.4;2289.097168;20;0.0;0.0;0.0;28;0.0;17176.123047;0;0.0;0.0;0.0;0.0;1.4;905328;1837540;16;0.98;19;0.50;0.0;12;0.0;0.0;7.5;0.0;0.0;1.00;0.50;0.50;0.0;8.5;0.0;1.00;0.0;0.0;0.0;0.0;0.0;0.0;2.0;0.0;0.0;0.0;0.50;0.50;0.0;11;1.00;1.5;0.50
1347324;0;368640;1;-5.5;0.0;0.50;n/a;n/a;n/a;25;18;3.8;2291.357910;0;0.0;0.0;0.0;28;0.0;17193.085938;0;0.0;0.0;0.0;0.0;1.4;905328;1837540;16;0.97;19;0.95;0.0;12;0.0;0.0;7.0;0.45;0.45;0.0;0.45;0.0;0.45;4.5;0.45;0.45;0.0;0.0;0.0;0.0;0.0;0.0;2.0;0.0;0.0;0.45;0.45;2.0;0.45;15;0.95;2.0;0.0
1349323;0;368640;1;-5.5;0.0;4.8;n/a;n/a;n/a;25;18;3.6;2286.840820;0;0.0;0.0;0.0;28;0.0;19304.089844;0;0.0;0.0;0.0;0.0;1.4;905328;1837540;16;1.0;19;0.50;0.0;12;0.0;0.0;7.5;0.0;0.0;1.00;1.5;1.00;1.00;16;0.50;0.50;0.0;0.0;0.0;0.0;0.0;0.0;2.5;0.0;0.0;0.50;1.5;1.00;0.50;4.0;1.5;1.5;0.50
1351322;0;368640;1;-5.5;0.0;10.0;n/a;n/a;n/a;25;18;4.4;2285.714355;0;0.0;0.0;0.0;28;0.0;17150.738281;0;0.0;0.0;0.0;0.0;1.4;905328;1837540;16;0.98;19;0.95;0.0;12;0.0;0.0;7.0;0.0;0.0;0.45;0.0;0.0;0.0;12;0.0;0.45;0.45;0.0;0.0;0.0;0.0;0.0;1.5;0.0;0.0;0.0;0.0;1.5;0.0;7.5;0.95;0.95;0.45
1353321;0;368640;1;-5.6;0.0;3.4;n/a;n/a;n/a;25;18;4.4;2292.490234;0;0.0;0.0;0.0;28;0.0;17201.580078;0;0.0;0.0;0.0;0.0;1.4;905328;1837540;16;0.98;19;0.50;0.0;12;0.0;0.0;6.0;0.0;0.0;2.0;1.00;0.50;1.00;4.5;0.50;0.50;0.0;0.0;0.0;0.0;0.0;0.0;2.0;2.0;0.50;0.50;1.00;1.5;1.00;15;1.00;1.00;0.0
1355320;0;368640;1;-5.5;0.0;5.3;n/a;n/a;n/a;25;18;3.8;2284.588867;0;0.0;0.0;0.0;28;0.0;17142.294922;0;0.0;0.0;0.0;0.0;1.4;905328;1837540;16;0.98;19;1.00;0.0;12;0.0;0.0;2.0;0.0;0.0;0.50;0.0;0.50;0.0;19;0.0;0.50;0.0;0.0;0.0;0.0;0.0;0.0;0.0;7.5;0.0;0.50;0.50;1.00;0.50;0.50;1.5;1.00;0.50
1357319;0;368640;1;-5.6;0.0;7.4;n/a;n/a;n/a;25;18;4.0;2287.968506;0;0.0;0.0;0.0;28;0.0;19313.609375;0;0.0;0.0;0.0;0.0;1.4;905328;1837540;16;0.98;19;0.50;0.0;7.0;0.0;0.0;2.0;0.0;0.0;1.00;0.50;0.0;1.00;9.5;0.0;0.50;0.0;0.0;0.0;5.0;0.0;0.0;0.0;7.0;0.0;0.50;0.50;1.5;1.00;11;1.00;1.5;0.0
1359318;0;368640;1;-5.6;0.0;5.8;n/a;n/a;n/a;25;18;4.2;2290.227051;0;0.0;0.0;0.0;28;0.0;19332.675781;0;0.0;0.0;0.0;0.0;1.4;905328;1837540;16;0.98;19;1.00;0.0;6.5;0.0;0.0;0.50;5.0;0.0;0.50;1.5;1.00;0.50;19;0.50;1.00;0.50;0.0;0.0;5.5;0.0;0.0;1.5;2.5;0.0;0.50;1.00;2.0;0.50;0.50;1.00;1.00;0.0
1361317;0;368640;1;-5.6;0.0;6.6;n/a;n/a;n/a;25;18;4.4;2289.097168;0;0.0;0.0;0.0;28;0.0;19323.136719;0;0.0;0.0;0.0;0.0;1.4;905328;1837540;16;1.0;19;0.45;0.0;6.0;0.0;0.0;0.0;7.0;0.0;0.45;0.45;0.0;0.0;19;0.45;1.5;0.0;0.0;0.0;6.0;0.0;0.0;1.5;0.0;0.0;0.45;0.45;0.0;0.45;0.0;0.95;0.95;0.0
1363316;0;368640;1;-5.5;0.0;-1.6;n/a;n/a;n/a;25;18;4.2;2289.097168;0;0.0;0.0;0.0;28;0.0;17176.123047;0;0.0;0.0;0.0;0.0;1.4;905328;1837540;16;0.98;19;0.95;0.45;6.5;0.0;0.0;0.0;6.0;0.0;0.45;0.95;0.45;0.45;18;0.45;0.95;0.95;1.5;0.0;5.5;0.0;0.0;2.0;0.0;0.0;0.45;2.5;0.0;0.45;1.5;0.95;1.5;0.45
1365315;0;368640;1;-5.6;0.0;0.35;n/a;n/a;n/a;25;18;3.8;2289.097168;0;0.0;0.0;0.0;28;0.0;17176.123047;0;0.0;0.0;0.0;0.0;1.4;905328;1837540;16;0.97;19;0.45;0.0;6.0;0.0;0.0;0.0;0.0;0.0;0.45;0.0;0.0;0.0;4.0;0.0;0.45;0.0;7.0;0.0;6.0;0.0;0.0;2.0;0.0;0.0;0.0;1.5;0.45;0.45;15;0.95;0.95;0.0
1367314;0;368640;1;-5.4;0.0;1.7;n/a;n/a;n/a;25;18;4.2;2290.227051;0;0.0;0.0;0.0;28;0.0;17184.599609;0;0.0;0.0;0.0;0.0;1.4;905328;1837540;16;0.95;19;1.5;0.0;6.0;0.0;0.0;0.0;0.0;0.0;0.0;0.50;0.50;0.50;5.5;0.50;0.50;0.50;6.0;0.0;6.5;0.50;0.0;2.0;0.0;0.0;1.00;2.0;0.0;0.50;14;1.00;2.0;0.0
1369313;0;368640;1;-5.5;0.0;-2.8;n/a;n/a;n/a;25;18;4.4;2287.968506;0;0.0;0.0;0.0;28;0.0;17167.652344;0;0.0;0.0;0.0;0.0;1.4;905328;1837540;16;1.0;19;7.5;0.45;2.0;0.45;0.0;0.45;0.0;0.45;0.95;2.5;0.95;1.5;17;0.95;0.95;0.0;0.95;0.45;10;0.0;0.45;2.0;0.45;0.45;0.45;2.0;0.95;0.95;2.5;1.5;2.5;0.95
1371312;0;368640;1;-5.5;0.0;-0.45;n/a;n/a;n/a;25;18;3.8;2293.623291;0;0.0;0.0;0.0;28;0.0;23663.865234;0;0.0;0.0;0.0;0.0;1.4;905328;1837540;16;0.98;19;7.5;0.50;0.0;0.0;0.50;0.0;0.0;0.0;0.0;0.0;0.0;0.50;19;1.00;0.50;0.0;0.0;0.0;12;0.50;0.0;2.0;0.0;0.0;0.0;1.00;0.0;0.0;0.0;1.00;1.00;0.0
1373311;0;368640;1;-5.5;0.0;-1.8;n/a;n/a;n/a;25;18;4.6;2295.893066;0;0.0;0.0;0.0;28;0.0;17227.115234;0;0.0;0.0;0.0;0.0;1.4;905328;1837540;16;0.98;19;7.0;0.45;0.45;0.0;0.0;0.0;0.0;0.0;0.45;2.5;0.95;0.95;17;1.5;0.45;0.45;0.45;0.0;11;0.0;0.45;2.5;0.45;0.0;0.45;0.95;0.0;0.45;1.5;0.95;0.95;0.0
1375310;0;368640;1;-5.2;0.0;-6.3;n/a;n/a;n/a;25;18;3.8;2299.306152;0;0.0;0.0;0.0;28;0.0;17252.724609;0;0.0;0.0;0.0;0.0;1.4;905328;1837540;16;0.97;19;0.45;0.0;6.0;0.0;0.0;0.0;0.45;0.0;0.45;0.0;0.0;0.0;4.0;0.0;0.45;0.0;7.0;0.0;6.0;0.0;0.0;1.5;0.0;0.0;0.0;1.5;0.45;0.0;15;0.95;2.0;0.45
1377309;0;368640;1;-5.2;0.0;6.3;n/a;n/a;n/a;25;18;4.6;2300.446289;0;0.0;0.0;0.0;28;0.0;17261.279297;0;0.0;0.0;0.0;0.0;1.4;905328;1837540;16;0.97;19;1.00;1.00;6.5;0.0;0.0;0.0;0.0;0.0;0.50;0.0;0.50;0.50;4.0;0.50;1.00;0.0;6.0;0.0;5.5;0.0;0.0;2.0;0.0;0.0;0.50;1.5;0.0;0.50;15;1.00;2.0;0.0
1379308;0;368640;1;-5.3;0.0;6.1;n/a;n/a;n/a;25;18;4.2;2289.097168;0;0.0;0.0;0.0;28;0.0;17176.123047;0;0.0;0.0;0.0;0.0;1.4;905328;1837540;16;0.97;19;1.00;3.0;6.5;3.5;0.0;0.0;0.0;1.00;0.50;1.00;0.0;1.00;4.5;0.50;0.50;0.50;0.0;0.0;6.0;0.50;0.0;1.00;0.0;0.0;1.5;1.00;1.00;0.50;16;1.5;2.5;0.50
1381307;0;368640;1;-5.4;0.0;11;n/a;n/a;n/a;25;18;3.6;2291.357910;0;0.0;0.0;0.0;28;0.0;17193.085938;0;0.0;0.0;0.0;0.0;1.4;905328;1837540;16;0.97;19;0.45;0.0;6.0;6.5;0.0;0.0;0.0;2.0;0.45;0.0;0.0;0.0;4.0;0.0;0.45;0.0;0.0;0.45;5.5;0.0;0.0;0.0;0.95;0.0;0.0;0.0;0.45;0.45;15;0.95;0.95;0.0
1383306;0;368640;1;-5.5;0.0;4.1;n/a;n/a;n/a;25;18;4.4;2292.490234;0;0.0;0.0;0.0;28;0.0;19351.779297;0;0.0;0.0;0.0;0.0;1.4;905328;1837540;16;0.97;19;0.50;0.50;3.0;7.0;0.0;0.0;0.0;1.00;0.0;0.50;0.50;0.50;4.0;0.0;0.50;0.50;0.0;0.0;10;0.50;0.0;0.0;0.50;1.00;0.50;1.00;1.00;0.0;15;1.00;1.00;0.50
1385305;0;368640;1;-5.5;0.0;8.1;n/a;n/a;n/a;25;18;4.0;2294.757568;0;0.0;0.0;0.0;28;0.0;19370.919922;0;0.0;0.0;0.0;0.0;1.4;905328;1837540;16;0.95;19;1.00;0.0;0.50;7.0;0.0;0.0;0.0;2.0;1.5;0.50;1.00;0.50;4.5;0.50;0.50;0.50;0.0;0.0;12;0.50;0.0;0.0;0.0;0.0;0.0;1.00;1.00;0.50;16;1.00;1.00;0.0
1387304;0;368640;1;-5.6;0.0;3.4;n/a;n/a;n/a;25;18;4.2;2298.167480;0;0.0;0.0;0.0;28;0.0;23710.748047;0;0.0;0.0;0.0;0.0;1.4;905328;1837540;16;0.98;19;0.95;0.0;0.0;1.5;0.45;0.0;0.0;1.5;0.45;0.95;0.45;0.45;11;0.0;0.45;0.95;0.0;0.0;12;5.0;0.0;0.0;0.0;0.0;0.45;0.95;1.5;0.0;7.5;0.95;1.5;0.0
1389303;0;368640;1;-5.6;0.0;5.7;n/a;n/a;n/a;25;18;5.0;2289.097168;0;0.0;0.0;0.0;28;0.0;19323.136719;0;0.0;0.0;0.0;0.0;1.4;905328;1837540;16;1.0;19;0.50;0.0;0.0;4.0;0.0;0.0;0.0;2.0;1.00;1.00;0.0;0.50;19;0.50;0.50;0.50;0.50;0.0;12;0.0;3.5;0.50;0.50;0.0;0.0;3.0;0.50;1.00;0.50;1.00;1.00;0.0
1391302;0;368640;1;-5.7;0.0;-0.21;n/a;n/a;n/a;25;18;4.4;2284.588867;0;0.0;0.0;0.0;28;0.0;17142.294922;0;0.0;0.0;0.0;0.0;1.4;905328;1837540;16;0.98;19;0.45;0.0;0.0;0.0;0.0;0.45;0.0;2.0;0.0;0.0;0.45;0.0;19;0.0;0.0;0.0;0.0;0.0;12;0.0;7.0;0.0;0.95;0.0;0.45;0.45;0.0;0.45;0.45;0.95;0.95;0.45
1393301;0;368640;1;-5.8;0.0;-0.30;n/a;n/a;n/a;25;18;5.6;2290.227051;0;0.0;0.0;0.0;28;0.0;19332.675781;0;0.0;0.0;0.0;0.0;1.4;905328;1837540;16;1.0;19;0.50;0.0;0.0;0.0;0.0;0.0;0.0;2.0;0.50;0.50;0.50;0.50;13;0.50;0.50;0.0;0.0;0.0;12;0.0;7.5;0.0;0.50;0.0;0.50;1.5;0.50;0.50;6.0;1.00;1.5;0.0
1395300;0;368640;1;-14;0.0;-69;n/a;n/a;n/a;25;7.2;3.7;1149.653076;0;0.0;0.0;0.0;28;90;8626.362305;0;0.0;18;0.0;0.0;1.4;905328;1837540;16;0.97;19;0.95;0.0;7.5;0.0;0.0;0.45;0.0;2.5;0.45;2.0;0.45;0.45;5.5;0.0;0.45;0.0;0.0;0.0;0.95;0.0;10.0;0.45;0.0;0.45;0.0;0.45;1.5;0.45;14;0.95;0.95;0.45
1397299;0;368640;1;-35;0.0;11;n/a;n/a;n/a;0.0;-21;0.0;0.0;0.0;0.0;0.0;0.0;0.0;270;0.0;0.0;0.0;50;0.0;0.0;1.4;905328;1837540;16;1.0;19;0.95;0.0;3.0;0.0;1.5;0.0;0.45;2.0;0.45;0.95;0.45;0.45;11;0.45;0.45;0.0;0.45;0.0;0.0;0.0;12;3.0;0.0;0.0;0.45;1.5;0.95;0.0;8.5;0.95;0.45;0.45
1399298;0;368640;1;-31;0.0;-47;n/a;n/a;n/a;0.0;-19;0.0;0.0;0.0;0.0;0.0;0.0;0.0;450;0.0;0.0;0.0;50;0.0;0.0;1.4;905328;1837540;16;1.0;19;0.45;0.0;3.0;0.45;12;0.0;0.0;2.0;1.5;1.5;0.45;1.5;18;0.0;0.45;0.95;0.0;0.0;0.0;0.0;1.5;3.5;0.0;0.0;0.95;2.0;0.45;0.45;1.5;0.95;0.45;0.0
1401297;0;368640;1;-27;0.0;57;n/a;n/a;n/a;0.0;-15;0.0;0.0;0.0;0.0;0.0;0.0;0.0;630;0.0;0.0;0.0;50;0.0;0.0;1.4;905328;1837540;16;1.0;19;0.50;0.0;0.0;0.0;13;0.0;0.0;2.0;0.50;0.0;0.50;0.0;19;0.50;0.0;0.0;0.0;0.0;3.0;0.0;0.0;3.0;0.0;0.0;0.0;0.50;0.50;1.00;1.00;1.5;0.0;0.0
1403296;0;368640;1;-24;0.0;122;n/a;n/a;n/a;0.0;-10;0.0;0.0;0.0;0.0;0.0;0.0;0.0;810;0.0;0.0;0.0;50;0.0;0.0;1.4;905328;1837540;16;1.0;19;1.00;0.50;0.50;0.0;2.0;3.0;0.0;2.0;0.50;0.50;0.0;0.50;15;0.0;0.50;0.50;0.0;0.0;3.5;0.50;0.0;12;0.0;0.0;0.50;1.5;2.0;0.0;5.0;1.00;0.50;0.50
1405295;0;368640;1;-22;0.0;47;n/a;n/a;n/a;0.0;-9.2;0.0;0.0;0.0;0.0;0.0;0.0;0.0;990;0.0;0.0;0.0;50;0.0;0.0;1.4;905328;1837540;16;1.0;19;0.50;0.0;0.0;0.50;0.0;13;0.0;0.50;0.50;1.00;0.50;0.50;4.0;0.50;0.0;0.0;0.0;0.0;3.0;0.0;0.0;3.5;0.0;1.5;0.50;1.00;1.00;1.00;16;1.00;0.50;0.0
1407294;0;368640;1;-23;0.0;65;n/a;n/a;n/a;0.0;-11;0.0;0.0;0.0;0.0;0.0;0.0;0.0;1080.000000;0.0;0.0;0.0;50;0.0;0.0;1.4;905328;1837540;16;1.0;19;0.95;0.0;0.0;0.0;0.0;4.5;0.45;0.0;0.95;0.45;0.45;0.95;16;0.45;0.45;0.0;0.0;0.45;3.0;0.0;0.45;11;0.0;2.0;0.45;0.95;0.95;0.0;3.0;2.0;0.95;0.45
1409293;0;368640;1;-22;0.0;312;n/a;n/a;n/a;0.0;-10;0.0;0.0;0.0;0.0;0.0;0.0;0.0;1260.000000;0.0;0.0;0.0;50;0.0;0.0;1.4;905328;1837540;16;1.0;19;1.00;0.0;0.0;0.0;0.0;6.5;0.0;0.50;0.0;1.00;0.0;0.50;15;0.0;0.0;0.50;0.0;0.0;3.0;0.0;0.0;11;0.50;1.00;1.00;2.5;1.00;1.00;5.0;2.0;1.00;0.0
1411292;0;368640;1;-21;0.0;84;n/a;n/a;n/a;0.0;-8.8;0.0;0.0;0.0;0.0;0.0;0.0;0.0;1440.000000;0.0;0.0;0.0;55;0.0;0.0;1.4;905328;1837540;16;0.98;19;0.95;0.0;0.0;0.0;0.0;13;0.0;2.0;0.0;0.0;0.45;0.0;3.5;0.45;0.45;0.0;0.0;0.0;3.0;0.0;0.0;2.5;0.0;0.0;0.45;0.95;0.45;0.0;16;0.95;1.5;0.0
1413291;0;368640;1;-20;0.0;-1.6;n/a;n/a;n/a;0.0;-7.3;0.0;0.0;0.0;0.0;0.0;0.0;0.0;1620.000000;0.0;0.0;0.0;50;0.0;0.0;1.4;905328;1837540;16;1.0;19;1.00;0.0;0.0;0.0;0.0;13;0.0;2.0;0.50;0.0;0.50;0.50;7.5;0.0;0.0;0.0;0.0;0.0;3.5;0.0;0.0;3.0;0.0;0.0;1.00;1.5;1.5;0.50;12;1.5;1.00;0.50
1415290;0;368640;1;-20;0.0;12;n/a;n/a;n/a;0.0;-5.0;0.0;0.0;0.0;0.0;0.0;0.0;0.0;1800.000000;0.0;0.0;0.0;50;0.0;0.0;1.4;905328;1837540;16;0.98;19;1.00;0.0;2.5;0.0;0.0;5.5;0.0;0.50;0.50;1.00;1.00;1.00;7.5;0.0;0.50;0.50;0.0;0.0;0.50;0.0;0.0;11;0.0;2.0;0.50;3.0;1.00;1.00;12;1.00;0.50;0.0
1417289;0;368640;1;-20;0.0;76;n/a;n/a;n/a;0.0;-5.9;0.0;0.0;0.0;0.0;0.0;0.0;0.0;1890.000000;0.0;0.0;0.0;50;0.0;0.0;1.4;905328;1837540;16;1.0;18;0.95;0.0;3.0;0.0;0.0;2.5;0.0;1.5;0.45;0.45;0.0;0.95;4.0;0.0;0.45;0.95;0.0;0.0;0.0;0.0;0.0;13;0.0;0.0;0.95;0.95;1.5;0.45;16;1.5;0.45;0.0
#eof
